circRNA,disease,label,used
hsa_circ_0008717,breast neoplasms,1,True
hsa_circ_0005576,uterine cervical neoplasms,1,True
hsa_circ_0001725,stomach neoplasms,1,True
circular rna wdr77,cardiovascular diseases,1,True
hsa_circ_0099999,pancreatic neoplasms,1,True
hsa_circ_0057558,prostatic neoplasms,1,True
circrna_0016624,"osteoporosis, postmenopausal",1,True
circ-sox4,adenocarcinoma of lung,1,True
hsa_circ_0046599,"lupus erythematosus, systemic",1,True
hsa_circ_0005239,breast neoplasms,1,True
cttn5,heart failure,1,True
hsa_circ_0043256,"carcinoma, non-small-cell lung",1,True
hsa-circ-000595,aortic aneurysm,1,True
circ-abcb10,breast neoplasms,1,True
circmto1,urinary bladder neoplasms,1,True
circrna_26852,metabolism-related diseases,1,True
hsa_circ_0047688,glioma,1,True
hsa_circ_0092509,osteosarcoma,1,True
hsa_circ_0029067,facet joint osteoarthritis,1,True
hsa_circ_0068871,urinary bladder neoplasms,1,True
circrna_104433,stomach neoplasms,1,True
hsa_circ_0008792,osteosarcoma,1,True
hsa_circ_0071662,urinary bladder neoplasms,1,True
hsa_circ_0091581,"carcinoma, hepatocellular",1,True
hsa_circ_0001955,"carcinoma, hepatocellular",1,True
hsa_circrna_103503,"arthritis, rheumatoid",1,True
circ-rad23b,esophageal neoplasms,1,True
circtlk1,ischemic stroke,1,True
hsa_circ_0002453,triple negative breast neoplasms,1,True
circmylk,urinary bladder neoplasms,1,True
circitga7,colorectal neoplasms,1,True
circrbms3,stomach neoplasms,1,True
hsa_circrna_067209,moyamoya disease,1,True
cttn4,heart failure,1,True
hsa_circrna_091420,prostatic neoplasms,1,True
hsa_circ_0015756,hepatoblastoma,1,True
hsa_circ_0015278,"thyroid cancer, papillary",1,True
hsa_circ_0008305,"carcinoma, non-small-cell lung",1,True
hsa_circrna_104871,"arthritis, rheumatoid",1,True
circagfg1,uterine cervical neoplasms,1,True
hsa_circ_0137606,urinary bladder neoplasms,1,True
hsa_circ_0083357,coronary artery disease,1,True
hsa_circrna_101720,moyamoya disease,1,True
circ-cdc45,glioma,1,True
hsa_circ_0001859,"arthritis, rheumatoid",1,True
circ_katnal1,prostatic neoplasms,1,True
circ kmt2e,diabetic cataract,1,True
hsa_circ_0007788,"osteoporosis, postmenopausal",1,True
hsa_circ_0080210,intervertebral disc degeneration,1,True
circrpms1,nasopharyngeal carcinoma,1,True
hsa_circ_0060456,stomach neoplasms,1,True
hsa_circ_0073237,glioma,1,True
hsa_circ_000926,"carcinoma, renal cell",1,True
circrna_100290,"leukemia, myeloid, acute",1,True
hsa_circ_0072668,facet joint osteoarthritis,1,True
hsa_circ_0003171,primary great saphenous vein varicosities,1,True
hsa_circ_0001461,stomach neoplasms,1,True
hsa_circ_0001742,squamous cell carcinoma of head and neck,1,True
hsa_circ_0026388,diabetic retinopathy,1,True
circ-fam53b,ovarian neoplasms,1,True
circ-smad2,"carcinoma, hepatocellular",1,True
circ_cct4,"epilepsy, temporal lobe",1,True
hsa_circ_0041946,intervertebral disc degeneration,1,True
circbach2,"thyroid cancer, papillary",1,True
circr-284,carotid plaque rupture,1,True
circsept9,triple negative breast neoplasms,1,True
hsa_circ_052372,"liver cirrhosis, biliary",1,True
hsa_circ_0000515,uterine cervical neoplasms,1,True
circsema4b,intervertebral disc degeneration,1,True
circrna_003524,"arthritis, rheumatoid",1,True
hsa_circ_0000681,"tuberculosis, pulmonary",1,True
circrna_0001073,acne vulgaris,1,True
circrna_101368,"carcinoma, hepatocellular",1,True
hsa_circ_0000140,squamous cell carcinoma of head and neck,1,True
circ_drosha,"epilepsy, temporal lobe",1,True
hsa_circ_102485,"liver cirrhosis, biliary",1,True
hsa_circ_0093996,retinoblastoma,1,True
hsa_circ_0030045,tuberculosis,1,True
circnr3c1,urinary bladder neoplasms,1,True
ctfrc,urinary bladder neoplasms,1,True
circmmp9,glioblastoma,1,True
hsa_circ_0032970,coronary artery disease,1,True
hsa_circ_0000218,colorectal neoplasms,1,True
hsa_circ_0068087,"diabetes mellitus, type 2",1,True
hsa_circ_0034398,"lupus erythematosus, systemic",1,True
hsa_circ_0005267,primary great saphenous vein varicosities,1,True
circrhobtb3,stomach neoplasms,1,True
hsa_circ_0060467,uterine cervical neoplasms,1,True
hsa_circ_0001900,colorectal neoplasms,1,True
circslc8a1,urinary bladder neoplasms,1,True
circrhoc,ovarian neoplasms,1,True
hsa_circ_0137008,colorectal neoplasms,1,True
hsa_circ_0013255,liver cirrhosis,1,True
hsa_circ_0000378,primary great saphenous vein varicosities,1,True
hsa_circ_0018069,urinary bladder neoplasms,1,True
hsa_circ_0061868,glioma,1,True
hsa_circrna_104854,repeated implantation failure,1,True
hsa_circrna_086376,colorectal neoplasms,1,True
circadamts14,"carcinoma, hepatocellular",1,True
hsa_circ_0072309,breast neoplasms,1,True
circpicalm,urinary bladder neoplasms,1,True
circ-prmt5,urinary bladder neoplasms,1,True
hsa_circ_0082081,coronary artery disease,1,True
hsa_circ_0001187,"leukemia, myeloid, acute",1,True
hsa_circ_0014359,glioma,1,True
hsa_circrna_0054633,"diabetes, gestational",1,True
circ-anapc7,"leukemia, myeloid, acute",1,True
hsa_circ_0126991,essential hypertension,1,True
circrna_036186,squamous cell carcinoma of head and neck,1,True
hsa_circ_0006215,pancreatic neoplasms,1,True
hsa_circ_0003391,"osteoporosis, postmenopausal",1,True
circrna_0046366,hepatocellular steatosis,1,True
circhla-c,lupus nephritis,1,True
hsa_circ_407176,"liver cirrhosis, biliary",1,True
hsa_circ_0005273,"thyroid cancer, papillary",1,True
hsa_circ_0000073,breast neoplasms,1,True
hsa_circ_0006323,coronary artery disease,1,True
hsa_circ_0005230,breast neoplasms,1,True
hsa_circrna_101981,prostatic neoplasms,1,True
hsa_circ_0084043,melanoma,1,True
hsa_circ_000367,fatty liver,1,True
hsa_circrna_101408,"thyroid cancer, papillary",1,True
circ-znf652,"carcinoma, renal cell",1,True
hsa_circ_0001361,urinary bladder neoplasms,1,True
hsa_circ_0001038,uterine cervical neoplasms,1,True
hsa_circ_092516,"arthritis, rheumatoid",1,True
circ_ubqln1,"epilepsy, temporal lobe",1,True
hsa_circ_0037655,glioma,1,True
circrna.2837,sciatica,1,True
circ_101222,pre-eclampsia,1,True
circhipk3,bladder urothelial carcinoma,1,True
circrna_104670,intervertebral disc degeneration,1,True
hsa_circ_0007059,lung neoplasms,1,True
hsa_circ_0005027,hypopharyngeal neoplasms,1,True
hsa_circ_0034642,glioma,1,True
circrna_100284,liver neoplasms,1,True
hsa_circ_0000479,"lupus erythematosus, systemic",1,True
hsa-circ-0005870,hypertension,1,True
hsa_circ_0005230,cholangiocarcinoma,1,True
circrna_104718,"carcinoma, hepatocellular",1,True
hsa-circrna5974-1,coronary artery disease,1,True
circ-cdyl,colonic neoplasms,1,True
circrna_000543,nasopharyngeal carcinoma,1,True
circrna_000203,cardiac fibrosis,1,True
hsa_circ_0044520,squamous cell carcinoma of head and neck,1,True
hsa_circ_0005402,multiple sclerosis,1,True
circ-tcf4.85,"carcinoma, hepatocellular",1,True
circrna.20159,"diabetes, gestational",1,True
circrna_101505,"carcinoma, hepatocellular",1,True
circrna7231,herpes simplex,1,True
hsa_circ_0014243,hypertension,1,True
circrna_11058,rheumatic heart disease,1,True
hsa_circ_0070934,cutaneous squamous cell carcinoma,1,True
circsmo742,glioma,1,True
hsa_circ_0002185,squamous cell carcinoma of head and neck,1,True
bcrc-3,urinary bladder neoplasms,1,True
circular rna wdr77,ischemic stroke,0,True
hsa_circ_0044235,"arthritis, rheumatoid",1,True
circ-adam9,pancreatic neoplasms,1,True
hsa_circ_0071896,facet joint osteoarthritis,1,True
circcct3,colorectal neoplasms,1,True
circrna-0044073,atherosclerosis,1,True
hsa_circ_0079993,colorectal neoplasms,1,True
hsa_circ_0006168,esophageal neoplasms,1,True
circrna_0005941,acne vulgaris,1,True
hsa_circrna_103410,diabetic retinopathy,1,True
cirs-6,urinary bladder neoplasms,1,True
hsa_circ_0001982,breast neoplasms,1,True
hsa_circ_0000654,esophageal squamous cell carcinoma,1,True
hsa_circ_0000615,myocardial infarction,1,True
hsa_circ_0046701,glioma,1,True
hsa_circ_0002577,endometrial neoplasms,1,True
hsa_circ_0045714,osteoarthritis,1,True
hsa_circ_100338,"carcinoma, hepatocellular",1,True
hsa_circ_0005127,facet joint osteoarthritis,1,True
hsa_circ_0016760,"carcinoma, non-small-cell lung",1,True
hsa_circ_0005836,active pulmonary tuberculosis,1,True
circrna.1030,"diabetes, gestational",1,True
circkif4a,glioma,1,True
hsa_circ_0089810,primary great saphenous vein varicosities,1,True
circrna-cer,breast neoplasms,1,True
circ-zkscan1,urinary bladder neoplasms,1,True
hsa_circ_100242,urinary bladder neoplasms,1,True
hsa_circ_0008797,"tuberculosis, pulmonary",1,True
circpdss1,stomach neoplasms,1,True
hsa_circ_0011780,"carcinoma, non-small-cell lung",1,True
circ_arf3,osteosarcoma,1,True
hsa_circ_0008309,squamous cell carcinoma of head and neck,1,True
hsa_circ_0032683,"arthritis, rheumatoid",1,True
hsa_circ_0102049,osteosarcoma,1,True
hsa_circ_0001073,urinary bladder neoplasms,1,True
hsa_circ_0004458,"thyroid cancer, papillary",1,True
hsa_circ_002082,fatty liver,1,True
circpvt1,colorectal neoplasms,1,True
hsa_circ_0025033,"thyroid cancer, papillary",1,True
hsa_circ_0005100,colorectal neoplasms,1,True
hsa_circ_0056836,"carcinoma, hepatocellular",1,True
hsa_circ_0054211,multiple system atrophy,1,True
circnek6,thyroid neoplasms,1,True
circ-banp,lung neoplasms,1,True
circmtdh.4,"carcinoma, non-small-cell lung",1,True
circpcnxl2,"carcinoma, renal cell",1,True
circdennd4c,breast neoplasms,1,True
hsa_circ_0141940,prostatic neoplasms,1,True
hsa_circ_0032891,multiple system atrophy,1,True
circslc7a6,prostatic neoplasms,1,True
circrna_0086376,acne vulgaris,1,True
circ-abcb10,"carcinoma, ovarian epithelial",1,True
hsa_circ_103783,leukoaraiosis,1,True
hsa_circ_0070963,liver cirrhosis,1,True
hsa_circ_0009361,colorectal neoplasms,1,True
hsa_circrna_105055,colorectal neoplasms,1,True
circccdc66,breast neoplasms,1,True
cirs-133,stomach neoplasms,1,True
hsa_circ_0053743,facet joint osteoarthritis,1,True
hsa_circ_0033550,uterine cervical neoplasms,1,True
circrna_11017,rheumatic heart disease,1,True
circptpn22,"lupus erythematosus, systemic",1,True
hsa_circ_0005442,pre-eclampsia,1,True
hsa_circ_0024892,multiple sclerosis,1,True
hsa_circ_0087206,diabetic retinopathy,1,True
hsa_circ_0082824,coronary artery disease,1,True
circadamts13,"carcinoma, hepatocellular",1,True
hsa_circ_003524,"arthritis, rheumatoid",1,True
hsa_circ_0057093,diabetic retinopathy,1,True
circzc3h4,silicosis,1,True
hsa_circ_0015756,"carcinoma, hepatocellular",1,True
hsa_circ_0123996,mucocutaneous lymph node syndrome,1,True
hsa_circrna_404457,diabetic retinopathy,1,True
hsa_circ_0001821,lung neoplasms,1,True
circnt5e,glioblastoma,1,True
hsa_circ_0059655,salivary adenoid cystic carcinoma,1,True
circ-rangap1,stomach neoplasms,1,True
circpip5k1a,colonic neoplasms,1,True
circkdm4c,breast neoplasms,1,True
hsa_circ_00001666,colonic neoplasms,1,True
hsa_circ_0023115,endometriosis,1,True
hsa_circ_0042666,squamous cell carcinoma of head and neck,1,True
hsa_circ_0009910,"leukemia, myeloid, acute",1,True
hsa_circ_0001546,stomach neoplasms,1,True
hsa_circ_0005870,hypertension,1,True
hsa_circ_0092012,squamous cell carcinoma of head and neck,1,True
hsa_circ_0001866,"lupus erythematosus, systemic",1,True
hsa_circrna_014213,"thyroid cancer, papillary",1,True
hsa_circrna_001654,infantile hemangioma,1,True
circ-nsd2,colorectal neoplasms,1,True
hsa_circ_0074026,glioma,1,True
hsa_circ_0043497,tuberculosis,1,True
hsa_circ_0005105,osteoarthritis,1,True
hsa-circ-0040809,hypertension,1,True
hsa_circ_0000175,lupus nephritis,1,True
hsa_circrna_104387,diabetic retinopathy,1,True
circ-dicer1,mucocutaneous lymph node syndrome,0,True
hsa_circ_0051240,ovarian neoplasms,1,True
hsa_circ_0001772,stomach neoplasms,1,True
hsa_circ_0002142,glioma,1,True
circrna_atp9b,osteoarthritis,1,True
hsa_circ_0072391,hepatoblastoma,1,True
hsa_circ_0078767,"carcinoma, non-small-cell lung",1,True
hsa_circ_007850,fatty liver,1,True
cdr1as,triple negative breast neoplasms,1,True
hsa_circ_0127621,"lymphoma, large b-cell, diffuse",1,True
circfat1,osteosarcoma,1,True
hsa_circ_0000144,urinary bladder neoplasms,1,True
hsa_circrna_102296,active tuberculosis,1,True
hsa_circ_0008039,breast neoplasms,1,True
hsa_circ_0002113,sciatica,0,True
circhectd1,stomach neoplasms,1,True
hsa_circ_0079593,glioma,1,True
circmyo10,osteosarcoma,1,True
hsa_circ_0001275,"osteoporosis, postmenopausal",1,True
circusp45,glucocorticoid-induced osteonecrosis of femoral head,1,True
circehmt1,breast neoplasms,1,True
circpum1,adenocarcinoma of lung,1,True
hsa_circ_0000911,breast neoplasms,1,True
hsa_circ_0061140,endometrial neoplasms,1,True
circ-cspp1,ovarian neoplasms,1,True
hsa_circ_0054633,"diabetes mellitus, type 2",1,True
hsa_circ_0009128,active pulmonary tuberculosis,1,True
circ-satb2,coronary atherosclerotic heart disease,1,True
cmras,adenocarcinoma of lung,1,True
hsa_circ_0015758,glioma,1,True
hsa_circ_0006404,myocardial senescence,1,True
circ-abcb10,"carcinoma, hepatocellular",1,True
hsa_circ_0000993,stomach neoplasms,1,True
hsa_circrna_003251,t2dm with depression,1,True
hsa_circ_100219,breast neoplasms,1,True
circ-iars,pancreatic neoplasms,1,True
hsa_circ_0026344,colorectal neoplasms,1,True
hsa_circ_0001427,"prostatic neoplasms, castration-resistant",1,True
hsa_circ_0053277,colorectal neoplasms,1,True
cdr1as,stomach neoplasms,1,True
hsa_circ_0001564,osteosarcoma,1,True
hsa_circ_0002569,moyamoya disease,1,True
hsa_circrna_101996,uterine cervical neoplasms,1,True
circrna_0018168,acne vulgaris,1,True
cznf609,lymphangiogenesis,1,True
circ_slc19a1,prostatic neoplasms,1,True
hsa_circ_0052012,"arthritis, rheumatoid",1,True
hsa_circ_0087215,diabetic retinopathy,1,True
hsa_circ_0008615,"lupus erythematosus, systemic",1,True
circepsti1,ovarian neoplasms,1,True
circhiat1,"carcinoma, renal cell",1,True
hsa_circ_0062557,endometriosis,1,True
hsa_circ_0002078,moyamoya disease,1,True
circatp2b1,"carcinoma, renal cell",1,True
cttn1,heart failure,1,True
circ_0004712,endometriosis,1,True
hsa_circ_0008287,hypopharyngeal neoplasms,1,True
circrna_000911,breast neoplasms,1,True
circtp63,lung squamous cell carcinoma,1,True
hsa_circ_0067209,moyamoya disease,1,True
hsa_circrna_002178,breast neoplasms,1,True
hsa_circ_0108308,multiple system atrophy,1,True
circgfra1,lung neoplasms,1,True
hsa_circrna_005019,t2dm with depression,1,True
hsa_circ_0005986,"carcinoma, hepatocellular",1,True
circhipk3,breast neoplasms,1,True
circpsmc3,stomach neoplasms,1,True
circ-eif4g3,stomach neoplasms,1,True
circnasp,osteosarcoma,1,True
circclk3,uterine cervical neoplasms,1,True
hsa_circ_0000204,"carcinoma, hepatocellular",1,True
hsa_circ_0056048,"depressive disorder, major",1,True
hsa_circ_000839,"carcinoma, hepatocellular",1,True
circ_sdha,primary great saphenous vein varicosities,1,True
hsa_circ_0061893,irradiated hepatic stellate cell,1,True
hsa_circrna_050898,moyamoya disease,1,True
circzc3h4,diabetes mellitus,0,True
circmat2b,"carcinoma, hepatocellular",1,True
hsa_circ_0070934,"tuberculosis, pulmonary",0,True
circepsti1,osteosarcoma,1,True
circpvt1,precursor cell lymphoblastic leukemia-lymphoma,1,True
hsa_circ_0054537,coronary artery disease,1,True
cttn2,heart failure,1,True
hsa_circrna_103809,lung neoplasms,1,True
hsa_circ_0088732,glioma,1,True
circnup214,"thyroid cancer, papillary",1,True
hsa_circ6510-1,coronary artery disease,1,True
cbl.11,colorectal neoplasms,1,True
circ-lamp1,precursor t-cell lymphoblastic leukemia-lymphoma,1,True
hsa_circ_0001410,"depressive disorder, major",1,True
circ-abcb10,lung neoplasms,1,True
hsa_circrna_100533,squamous cell carcinoma of head and neck,1,True
hsa_circ_0001742,lymphangiogenesis,0,True
circfoxo3,cardiac senescence,1,True
hsa_circ_0002062,chronic thromboembolic pulmonary hypertension,1,True
hsa_circ_0074027,glioblastoma,1,True
circ-foxo3,urinary bladder neoplasms,1,True
hsa_circ_0000092,"carcinoma, hepatocellular",1,True
hsa_circ_0004136,"leukemia, myeloid, acute",1,True
circrna_09993,"tuberculosis, pulmonary",1,True
hsa_circ_0067934,uterine cervical neoplasms,1,True
circfarsa,"carcinoma, non-small-cell lung",1,True
hsa_circ_0005218,pre-eclampsia,1,True
circ-ezh2,glioma,1,True
hsa_circ_0005519,asthma,1,True
hsa_circ_0029601,pre-eclampsia,1,True
hsa_circ_0006801,"osteoporosis, postmenopausal",1,True
circrna_100876,osteosarcoma,1,True
circrna6783,herpes simplex,1,True
hsa_circ_0001897,stomach neoplasms,1,True
hsa_circ_0000495,squamous cell carcinoma of head and neck,1,True
hsa_circrna_004183,repeated implantation failure,1,True
circrna_15698,diabetic nephropathies,1,True
circ_slc19a1,sciatica,0,True
circubxn7,urinary bladder neoplasms,1,True
hsa_circ_0072995,breast neoplasms,1,True
circ-pkd2,"prostatic neoplasms, castration-resistant",0,True
hsa_circ_0012342,"carcinoma, mucoepidermoid",1,True
circ kmt2e,"diabetes, gestational",0,True
hsa_circ_0001206,prostatic neoplasms,1,True
hsa-circrna-102685,crohn disease,1,True
hsa_circ_0113854,coronary artery disease,1,True
circhipk3,gallbladder neoplasms,1,True
hsa_circ_0000378,"lymphoma, large b-cell, diffuse",0,True
hsa_circ_0061140,"carcinoma, mucoepidermoid",0,True
hsa_circ_0028882,"osteoporosis, postmenopausal",1,True
circ-cep85l,stomach neoplasms,1,True
hsa_circ_0008887,immunosenescence,1,True
hsa_circ_0103552,breast neoplasms,1,True
hsa_circ_0000792,adenocarcinoma of lung,1,True
hsa_circ_0056618,stomach neoplasms,1,True
hsa_circ_0088452,active pulmonary tuberculosis,1,True
hsa_circrna_0007874,"carcinoma, hepatocellular",1,True
hsa_circ_0004390,ovarian neoplasms,1,True
hsa_circ_0005540,multiple system atrophy,1,True
hsa_circ_004121,fatty liver,1,True
circrna_13478,"tuberculosis, pulmonary",1,True
hsa_circ_0012384,"carcinoma, non-small-cell lung",1,True
circatxn7,stomach neoplasms,1,True
hsa_circrna_001937,active tuberculosis,1,True
hsa_circ_0098964,coronary artery disease,1,True
hsa_circ_0019069,diabetic retinopathy,1,True
circ_efcab2,"epilepsy, temporal lobe",1,True
hsa_circ_0075341,uterine cervical neoplasms,1,True
circ-acaca,"carcinoma, non-small-cell lung",1,True
hsa_circ_0056288,osteosarcoma,1,True
circdlgap4,ischemic stroke,1,True
hsa_circ_0000190,multiple myeloma,1,True
hsa_circ_0003028,liver neoplasms,1,True
hsa_circ_0004928,stomach neoplasms,1,True
hsa_circ_0106803,multiple sclerosis,1,True
circrgnef,urinary bladder neoplasms,1,True
circtnfrsf21,endometrial neoplasms,1,True
hsa_circ_0008234,gallbladder neoplasms,1,True
circ_specc1,stomach neoplasms,1,True
circ-eno1,adenocarcinoma of lung,1,True
hsa_circrna_103047,"arthritis, rheumatoid",1,True
hsa_circrna_101764,"carcinoma, hepatocellular",1,True
circpan3,"leukemia, myeloid, acute",1,True
hsa_circ_0000729,adenocarcinoma of lung,1,True
circ_orc2,osteosarcoma,1,True
hsa_circ_0007294,triple negative breast neoplasms,1,True
hsa_circ_087631,"liver cirrhosis, biliary",1,True
circuvrag,urinary bladder neoplasms,1,True
has_circ_0049220,"lupus erythematosus, systemic",1,True
circpcnx,"carcinoma, hepatocellular",1,True
hsa-circ-0000437,hypertension,1,True
hsa_circ_0001785,osteosarcoma,1,True
circbmpr2,breast neoplasms,1,True
circrna_0084927,acne vulgaris,1,True
hsa_circrna_406557,prostatic neoplasms,1,True
circp4hb,"carcinoma, non-small-cell lung",1,True
circfgfr1,"carcinoma, non-small-cell lung",1,True
circamotl1l,prostatic neoplasms,1,True
hsa_circ_0000199,stomach neoplasms,1,True
hsa_circ_102470,leukoaraiosis,1,True
hsa_circrna_091692,active tuberculosis,1,True
hsa_circ_0039569,endometrial neoplasms,1,True
circmllt10,stomach neoplasms,1,True
hsa_circ_101873,"arthritis, rheumatoid",1,True
circrna_100146,"carcinoma, non-small-cell lung",1,True
circ-hipk2,"leukemia, promyelocytic, acute",1,True
hsa_circ_0051443,"carcinoma, hepatocellular",1,True
hsa_circrna_100914,moyamoya disease,1,True
circtcf25,osteosarcoma,1,True
circanks1b,colorectal neoplasms,1,True
hsa_circ_0002211,colorectal neoplasms,1,True
circlarp4,"carcinoma, hepatocellular",1,True
hsa_circ_0081143,stomach neoplasms,1,True
hsa_circ_0007843,colonic neoplasms,1,True
cbl.11,"leukemia, myeloid, acute",0,True
hsa_circ_0043949,glioblastoma,1,True
hsa_circ_0004214,uterine cervical neoplasms,1,True
hsa_circ_0001727,"carcinoma, non-small-cell lung",1,True
hsa_circ_0041103,urinary bladder neoplasms,1,True
circrna_8924,uterine cervical neoplasms,1,True
circgucy1a2,prostatic neoplasms,1,True
hsa_circ_0000414,"tuberculosis, pulmonary",1,True
circrna_104871,"arthritis, rheumatoid",1,True
circ-ash2l,"carcinoma, pancreatic ductal",1,True
hsa_circ_0001400,multiple sclerosis,1,True
hsa_circ_0006528,breast neoplasms,1,True
circ_103124,crohn disease,1,True
hsa_circ_0001907,"depressive disorder, major",1,True
circrhot1,pancreatic neoplasms,1,True
hsa_circ_0020732,adenocarcinoma of lung,1,True
hsa_circ_0052112,breast neoplasms,1,True
hsa_circrna_005086,active tuberculosis,1,True
hsa_circ_0000523,colorectal neoplasms,1,True
hsa_circ_0057481,laryngeal neoplasms,1,True
hsa_circ_0007874,ovarian neoplasms,1,True
circacap2,breast neoplasms,1,True
circrna-0004904,pre-eclampsia,1,True
hsa_circ_0002908,"tuberculosis, pulmonary",1,True
circrapgef5,"thyroid cancer, papillary",1,True
hsa_circ_406329,"liver cirrhosis, biliary",1,True
hsa_circrna_044353,repeated implantation failure,1,True
circfoxk2,"carcinoma, pancreatic ductal",1,True
hsa_circ_0059354,squamous cell carcinoma of head and neck,1,True
hsa_circ_0021549,"lupus erythematosus, systemic",1,True
hsa_circ_0002161,essential hypertension,1,True
hsa_circ_0002113,"tuberculosis, pulmonary",1,True
hsa_circ_0000488,"leukemia, myeloid, acute",1,True
circnrip1,stomach neoplasms,1,True
hsa_circrna_104310,infantile hemangioma,1,True
hsa_circrna_008068,prostatic neoplasms,1,True
hsa_circrna_100933,infantile hemangioma,1,True
cdkn2b-as1,inflammatory bowel diseases,1,True
circcep128,urinary bladder neoplasms,1,True
hsa_circ_100395,liver neoplasms,1,True
circrnf13,adenocarcinoma of lung,1,True
hsa_circ_0020123,"carcinoma, non-small-cell lung",1,True
hsa_circ_0035560,multiple sclerosis,1,True
circc3p1,"carcinoma, hepatocellular",1,True
hsa_circ_0000263,uterine cervical neoplasms,1,True
circ_101222,acne vulgaris,0,True
circ_stk17a,"epilepsy, temporal lobe",1,True
hsa_circrna_102336,urinary bladder neoplasms,1,True
circznf609,vascular endothelial dysfunction,1,True
hsa_circ_0101432,"carcinoma, hepatocellular",1,True
circ_usp9y,"epilepsy, temporal lobe",1,True
hsa_circ_0103809,"carcinoma, hepatocellular",1,True
circ_103546,crohn disease,1,True
hsa_circ_0000567,"carcinoma, hepatocellular",1,True
hsa_circ_0072765,liver cirrhosis,1,True
hsa-circrna5974-1,sciatica,0,True
hsa_circ_0005519,endometrial neoplasms,0,True
hsa_circ_0026372,diabetic retinopathy,1,True
hsa_circ_0003855,stomach neoplasms,1,True
circrna.22054,"diabetes, gestational",1,True
hsa_circ_0071410,laryngeal neoplasms,0,True
circ-pde8a,pancreatic neoplasms,1,True
hsa_circ_0003645,diabetic nephropathies,0,True
circbirc6,precursor t-cell lymphoblastic leukemia-lymphoma,0,True
circ-vrk1,esophageal squamous cell carcinoma,1,True
circ-ube2d2,breast neoplasms,1,True
hsa_circ_0051079,osteosarcoma,1,True
circrunx2,osteoporosis,1,True
circ-prkci,hirschsprung disease,1,True
circrna_001569,stomach neoplasms,1,True
hsa_circ_0025036,adenocarcinoma of lung,1,True
hsa_circ_0001801,glioblastoma,1,True
hsa_circ_0008106,stomach neoplasms,1,True
hsa_circ_0037251,glioma,1,True
circplekhm3,ovarian neoplasms,1,True
hsa-circrna11783-2,coronary artery disease,1,True
circ-dcaf6,stomach neoplasms,1,True
circass1,breast neoplasms,1,True
hsa_circ_0060060,thyroid neoplasms,1,True
circ-foxo3,glioblastoma,1,True
circnf1,stomach neoplasms,1,True
hsa_circ_0072088,colorectal neoplasms,1,True
hsa_circrna_104964,active tuberculosis,1,True
hsa_circ_0049657,"leukemia, myeloid, acute",1,True
hsa_circ_0004015,"carcinoma, non-small-cell lung",1,True
hsa_circrna_100918,t2dm with depression,1,True
circrna_003524,hepatocellular steatosis,0,True
hsa_circ_0108308,heart failure,0,True
circmto1,rectal neoplasms,1,True
hsa_circ_0000284,colorectal neoplasms,1,True
circfndc3b,urinary bladder neoplasms,1,True
hsa_circ_0032627,stomach neoplasms,1,True
hsa_circ_0006766,"osteoporosis, postmenopausal",1,True
circ-pax2,lung squamous cell carcinoma,1,True
hsa_circ_0006948,esophageal squamous cell carcinoma,1,True
hsa_circ_0091570,"carcinoma, hepatocellular",1,True
hsa_circ_0006916,lung neoplasms,1,True
bcrc-3,diabetic retinopathy,0,True
hsa_circ_0014130,stomach neoplasms,1,True
circscaf11,glioma,1,True
circ_004662,crohn disease,1,True
hsa_circ_082319,"liver cirrhosis, biliary",1,True
hsa_circ_0000267,stomach neoplasms,1,True
hsa_circ_104075,"carcinoma, hepatocellular",1,True
circwhsc1,ovarian neoplasms,1,True
hsa_circ_0005075,"carcinoma, hepatocellular",1,True
circabcc4,adenocarcinoma of lung,1,True
circ_ankib1,osteosarcoma,1,True
hsa_circ_0044529,squamous cell carcinoma of head and neck,1,True
hsa_circ_0100783,immunosenescence,1,True
hsa_circrna_100257,"arthritis, rheumatoid",1,True
circrna_09585,"tuberculosis, pulmonary",1,True
hsa_circ_0063781,facet joint osteoarthritis,1,True
hsa_circ_0023303,squamous cell carcinoma of head and neck,1,True
circplk1,triple negative breast neoplasms,1,True
hsa_circ_0000376,stomach neoplasms,1,True
circrna_0084043,melanoma,1,True
hsa_circ_0081108,diabetic retinopathy,1,True
circzfp57,prostatic neoplasms,1,True
hsa_circ_0072410,diabetic retinopathy,1,True
hsa_circ_0022342,chronic thromboembolic pulmonary hypertension,1,True
circ-anapc7,inflammatory bowel diseases,0,True
hsa_circ_101396,leukoaraiosis,1,True
circsmarca5,"carcinoma, non-small-cell lung",1,True
circabcc4,prostatic neoplasms,1,True
hsa_circ_0004846,osteosarcoma,1,True
hsa_circ_103047,"arthritis, rheumatoid",1,True
hsa_circ_014724,fatty liver,1,True
hsa_circrna_100834,cutaneous squamous cell carcinoma,1,True
hsa_circ_0001417,tuberculosis,1,True
circ-pax2,prostatic neoplasms,0,True
circdock1,urinary bladder neoplasms,1,True
hsa_circ_0040705,"lupus erythematosus, systemic",1,True
circ-ptprz1,glioma,1,True
hsa_circrna_100833,cutaneous squamous cell carcinoma,1,True
hsa_circ_0001649,"carcinoma, hepatocellular",1,True
hsa_circ_0000408,lung squamous cell carcinoma,1,True
circirak3,breast neoplasms,1,True
hsa_circ_0001368,stomach neoplasms,1,True
hsa_circ_0000467,stomach neoplasms,1,True
hsa_circ_0021093,"carcinoma, hepatocellular",1,True
hsa_circrna_000598,osteoarthritis,1,True
hsa_circ_0027599,stomach neoplasms,1,True
has-circrna_0046367,fatty liver,1,True
circ-notch1,stomach neoplasms,1,True
hsa_circ_0078710,"carcinoma, hepatocellular",1,True
hsa_circ_004183,fatty liver,1,True
hsa_circ_0038374,multiple system atrophy,1,True
hsa_circ_0023404,uterine cervical neoplasms,1,True
hsa_circ_0006935,repeated implantation failure,1,True
hsa_circ_001895,"carcinoma, renal cell",1,True
circ-erbb2,stomach neoplasms,1,True
circ_1639,"liver diseases, alcoholic",1,True
hsa_circ_0007534,"carcinoma, pancreatic ductal",1,True
hsa_circ_104871,"arthritis, rheumatoid",1,True
circtnfrsf21,uterine cervical neoplasms,0,True
czranb1,retinal neurodegeneration,1,True
circ_aff2,hematopoiesis,1,True
hsa_circ_0001971,squamous cell carcinoma of head and neck,1,True
hsa_circ_0036877,pre-eclampsia,1,True
hsa_circ_0000673,stomach neoplasms,1,True
cdr1as,nasopharyngeal carcinoma,1,True
hsa_circrna_009024,active tuberculosis,1,True
hsa_circ_0016788,"carcinoma, hepatocellular",1,True
hsa_circ_0037911,essential hypertension,1,True
circnek6,esophageal squamous cell carcinoma,0,True
circtada2a-e6,triple negative breast neoplasms,1,True
hsa_circ_0057576,coronary artery disease,1,True
hsa_circ_0005015,diabetic retinopathy,1,True
circslc3a2,"carcinoma, hepatocellular",1,True
circasap1,"carcinoma, hepatocellular",1,True
hsa_circ_0076305,"carcinoma, non-small-cell lung",1,True
hsa_circ_0001947,"leukemia, myeloid, acute",1,True
hsa_circrna_102101,active tuberculosis,1,True
circfoxo3,urinary bladder neoplasms,0,True
circhipk3,pancreatic neoplasms,1,True
hsa_circ_0063179,"tuberculosis, pulmonary",1,True
hsa_circ_0005198,glioma,1,True
hsa_circ_0001564,metabolism-related diseases,0,True
hsa_circrna_009024,diabetes mellitus,0,True
circ-prkci,esophageal squamous cell carcinoma,1,True
hsa_circ_0124644,coronary artery disease,1,True
hsa_circ_0000615,lupus nephritis,1,True
circabcc2,"carcinoma, hepatocellular",1,True
circrna_11109,rheumatic heart disease,1,True
hsa_circ_0000291,stomach neoplasms,1,True
hsa_circ_0006848,stomach neoplasms,1,True
hsa_circ_0060428,osteosarcoma,1,True
hsa_circ_0003575,atherosclerosis,1,True
hsa_circ_0081162,diabetic retinopathy,1,True
hsa_circ_0035381,"leukemia, myeloid, acute",1,True
circubap2,esophageal squamous cell carcinoma,1,True
hsa_circ_0001204,tuberculosis,1,True
circfblim1,"carcinoma, hepatocellular",1,True
circ-ldlrad3,pancreatic neoplasms,1,True
hsa_circ_081069,squamous cell carcinoma of head and neck,1,True
hsa_circ_0032131,osteoarthritis,1,True
circ-pkd2,squamous cell carcinoma of head and neck,1,True
circ-cdc45,repeated implantation failure,0,True
circ-dicer1,glioma,1,True
czranb1,melanoma,0,True
hsa_circ_0062019,prostatic neoplasms,1,True
circmyc,melanoma,1,True
circ-atp8a2,uterine cervical neoplasms,1,True
hsa_circ_0030055,diabetic retinopathy,1,True
hsa_circ_0000467,osteoporosis,0,True
hsa_circrna_14623,"tuberculosis, pulmonary",1,True
hsa_circrna_002178,"diabetes, gestational",0,True
hsa_circrna11806-28,"diabetes mellitus, type 2",1,True
circ-foxp1,"carcinoma, hepatocellular",1,True
hsa_circ_0003645,"carcinoma, non-small-cell lung",1,True
hsa_circ_0002362,"tuberculosis, pulmonary",1,True
hsa_circ_0023956,active pulmonary tuberculosis,1,True
hsa_circrna_061346,"thyroid cancer, papillary",1,True
circ-cbfb,"leukemia, lymphocytic, chronic, b-cell",1,True
hsa_circ_0000003,"carcinoma, non-small-cell lung",1,True
hsa_circ_0080145,"leukemia, myelogenous, chronic, bcr-abl positive",1,True
hsa_circ_0058124,thyroid neoplasms,1,True
circ-akt3,lung neoplasms,1,True
hsa_circ_0089378,coronary artery disease,1,True
cdr1as,esophageal squamous cell carcinoma,1,True
hsa_circrna_004662,"thyroid cancer, papillary",1,True
hsa_circ_101280,"carcinoma, hepatocellular",1,True
hsa_circ_0051172,coronary artery disease,1,True
cttn2,active tuberculosis,0,True
hsa_circ_001569,colorectal neoplasms,1,True
circagfg1,"carcinoma, non-small-cell lung",1,True
circ-cep85l,hypopharyngeal neoplasms,0,True
hsa_circ_0001946,stomach neoplasms,1,True
hsa_circ_0012919,"lupus erythematosus, systemic",1,True
hsa_circ_0076248,glioma,1,True
circ-homer1,"carcinoma, hepatocellular",1,True
cdr1as,"carcinoma, non-small-cell lung",1,True
hsa_circrna_101319,"arthritis, rheumatoid",1,True
circrna_001275,esophageal neoplasms,1,True
hsa_circ_0083964,"arthritis, rheumatoid",1,True
hsa_circ_0018508,"diabetes mellitus, type 2",1,True
hsa_circ_0000190,osteosarcoma,1,True
circ-sfmbt2,stomach neoplasms,1,True
hsa_circ_001598,urinary bladder neoplasms,1,True
hsa_circrna_102761,colorectal neoplasms,1,True
hsa_circ_103973,uterine cervical neoplasms,1,True
hsa_circ_0007255,breast neoplasms,1,True
circ-ttbk2,glioma,1,True
hsa_circ_009755,squamous cell carcinoma of head and neck,1,True
hsa_circ_0003998,adenocarcinoma of lung,1,True
hsa_circrna_046843,"thyroid cancer, papillary",1,True
hsa_circ_0000517,multiple sclerosis,1,True
hsa_circ_0001658,stomach neoplasms,1,True
hsa_circ_0068942,coronary artery disease,1,True
hsa_circ_0058063,urinary bladder neoplasms,1,True
circankrd36,"diabetes mellitus, type 2",1,True
hsa_circ_0011385,thyroid neoplasms,1,True
circrna7752,herpes simplex,1,True
circ-znf264,glioma,1,True
hsa_circ_0136666,breast neoplasms,1,True
circ_102610,crohn disease,1,True
hsa_circ_0074362,glioma,1,True
hsa_circ_0041796,diabetic retinopathy,1,True
hsa_circ_0000799,urinary bladder neoplasms,1,True
hsa_circ_0072387,squamous cell carcinoma of head and neck,1,True
circatrnl1,squamous cell carcinoma of head and neck,1,True
hsa_circrna_100750,diabetic retinopathy,1,True
hsa_circ_0067835,colorectal neoplasms,1,True
hsa_circ_0006990,colorectal neoplasms,1,True
hsa_circrna_103595,lung neoplasms,1,True
circrna-0001855,pre-eclampsia,1,True
hsa_circ_101555,colorectal neoplasms,1,True
circpvt1,esophageal neoplasms,1,True
hsa_circ_0043278,"carcinoma, non-small-cell lung",1,True
hsa_circrna_103387,osteoarthritis,1,True
hsa_circ_0000977,pancreatic neoplasms,1,True
circrna_0047905,stomach neoplasms,1,True
circ_vps37c,"epilepsy, temporal lobe",1,True
hsa_circ_0030569,tuberculosis,1,True
circctdp1,urinary bladder neoplasms,1,True
hsa_circ_103809,"carcinoma, hepatocellular",1,True
hsa_circ_0000615,hirschsprung disease,1,True
hsa_circ_0006427,adenocarcinoma of lung,1,True
circrna-chr19,"hemorrhagic fever, ebola",1,True
hsa_circ_0091579,liver neoplasms,1,True
hsa_circrna_100933,silicosis,0,True
hsa_circ_0017247,melanoma,1,True
hsa_circ_0039411,"carcinoma, hepatocellular",1,True
hsa_circ_0068489,diabetic retinopathy,1,True
circabcc2,primary great saphenous vein varicosities,0,True
hsa_circ_0000519,multiple sclerosis,1,True
hsa_circ_001653,"carcinoma, pancreatic ductal",1,True
hsa_circ_0008450,"carcinoma, hepatocellular",1,True
hsa_circrna_101975,osteoarthritis,1,True
cznf292,heart failure,1,True
hsa_circ_0030235,"carcinoma, pancreatic ductal",1,True
circrna7231,"thyroid cancer, papillary",0,True
circ-pgam1,"carcinoma, ovarian epithelial",1,True
hsa_circ_0007788,"leukemia, promyelocytic, acute",0,True
hsa_circrna_100782,pre-eclampsia,1,True
hsa_circ_cspp1,uterine cervical neoplasms,1,True
hsa_circ_001895,cholangiocarcinoma,0,True
hsa_circ_0036877,"carcinoma, pancreatic ductal",0,True
circfut8,urinary bladder neoplasms,1,True
hsa_circ_0003146,"lupus erythematosus, systemic",1,True
hsa_circ_0013958,adenocarcinoma of lung,1,True
hsa_circ_0005015,"leukemia, lymphocytic, chronic, b-cell",0,True
hsa_circ_0054345,irradiated hepatic stellate cell,1,True
hsa_circ_0055625,colonic neoplasms,1,True
hsa_circ_0030569,hirschsprung disease,0,True
hsa_circ_103783,acne vulgaris,0,True
circptpn22,"diabetes, gestational",0,True
circ-znf609,colorectal neoplasms,1,True
hsa_circ_0004277,leukemia,1,True
hsa_circ_0000594,glioma,1,True
hsa_circ_0008365,stomach neoplasms,1,True
circnfix,glioma,1,True
hsa_circrna_029965,active tuberculosis,1,True
hsa_circ_0026134,"carcinoma, non-small-cell lung",1,True
hsa_circ_0031288,uterine cervical neoplasms,1,True
hsa_circ_0046600,"carcinoma, hepatocellular",1,True
hsa_circ_0001846,triple negative breast neoplasms,1,True
hsa_circrna_100192,diabetic retinopathy,1,True
circadamts13,liver neoplasms,1,True
circrna_092516,"arthritis, rheumatoid",1,True
hsa_circ_0068087,diabetes mellitus,1,True
circ2174,cholangiocarcinoma,1,True
hsa_circ_0070616,repeated implantation failure,1,True
hsa_circ_0092303,stomach neoplasms,1,True
hsa_circ_0003519,active pulmonary tuberculosis,1,True
hsa_circ_0067997,stomach neoplasms,1,True
hsa_circ_0000554,esophageal neoplasms,1,True
hsa_circ_0092374,"lupus erythematosus, systemic",1,True
hsa_circ_014724,"osteoporosis, postmenopausal",0,True
circlmtk2,prostatic neoplasms,1,True
circdync1h1,"carcinoma, hepatocellular",1,True
hsa_circ_0050898,moyamoya disease,1,True
circrna_101873,"arthritis, rheumatoid",1,True
hsa_circ_0000592,stomach neoplasms,1,True
circrip2,urinary bladder neoplasms,1,True
hsa_circ_001783,breast neoplasms,1,True
hsa_circ_0054345,liver cirrhosis,1,True
hsa_circ_0064996,"arthritis, rheumatoid",1,True
hsa_circ_0012673,adenocarcinoma of lung,1,True
circrna_103047,"arthritis, rheumatoid",1,True
hsa_circ_0056731,multiple sclerosis,1,True
hsa_circ_0001178,"carcinoma, hepatocellular",1,True
circ_0002198,endometriosis,1,True
hsa_circ_0002052,osteosarcoma,1,True
circrna-0067835,"epilepsy, temporal lobe",1,True
hsa-circ-0008139,hypertension,1,True
hsa_circrna_103343,moyamoya disease,1,True
hsa_circ_0005963,colonic neoplasms,1,True
circprrc2a,"carcinoma, renal cell",1,True
hsa_circ_0066922,diabetic retinopathy,1,True
hsa_circ_0037909,essential hypertension,1,True
circ-zeb1.33,"carcinoma, hepatocellular",1,True
hsa_circ_0000177,glioma,1,True
hsa_circ_0003258,"carcinoma, hepatocellular",1,True
hsa_circrna_102034,"arthritis, rheumatoid",1,True
circrna_0084043,t2dm with depression,0,True
hsa_circ_0079993,glucocorticoid-induced osteonecrosis of femoral head,0,True
circlpar1,urinary bladder neoplasms,1,True
circrna-acap2,fatty liver,0,True
hsa_circ_0002346,adenocarcinoma of lung,1,True
hsa_circrna_404686,repeated implantation failure,1,True
hsa_circ_0075828,urinary bladder neoplasms,1,True
hsa_circ_0001105,osteosarcoma,1,True
circznf609,ovarian neoplasms,0,True
circeif4g2,uterine cervical neoplasms,1,True
circptgr1,"carcinoma, hepatocellular",1,True
circmyo9b,breast neoplasms,1,True
circ_stk17a,diabetic retinopathy,0,True
hsa_circ_0023404,osteoarthritis,1,True
hsa_circrna_100834,immunosenescence,0,True
hsa_circ_000361,"liver cirrhosis, biliary",1,True
hsa_circ_0009362,triple negative breast neoplasms,1,True
circrbm23,"carcinoma, hepatocellular",1,True
hsa_circ_0062389,"carcinoma, non-small-cell lung",1,True
hsa_circ_0006323,"liver diseases, alcoholic",0,True
circ_092520,crohn disease,1,True
hsa_circ_0002768,urinary bladder neoplasms,1,True
hsa_circ_0058092,stomach neoplasms,1,True
hsa_circ_0007385,"carcinoma, non-small-cell lung",1,True
hsa_circ_0049224,"lupus erythematosus, systemic",1,True
hsa_circ_0008078,"leukemia, myeloid, acute",1,True
hsa_circ_0071410,liver cirrhosis,1,True
hsa_circ_0006282,stomach neoplasms,1,True
hsa_circ_0089310,"depressive disorder, major",1,True
circ-scarb1,squamous cell carcinoma of head and neck,1,True
hsa_circrna_102116,infantile hemangioma,1,True
hsa_circ_0070269,"carcinoma, hepatocellular",1,True
hsa_circ_0025039,melanoma,1,True
circ_stk24,"epilepsy, temporal lobe",1,True
hsa_circ_0000073,retinoblastoma,0,True
hsa_circ_0046264,lung neoplasms,1,True
hsa_circ_0037909,lymphangiogenesis,0,True
hsa_circ_0007915,liver neoplasms,1,True
hsa_circ_0087537,facet joint osteoarthritis,1,True
hsa_circrna_104296,active tuberculosis,1,True
hsa_circ_0026143,endometriosis,1,True
hsa_circ_006100,stomach neoplasms,1,True
circdlgap4,glioblastoma,0,True
hsa_circ_0137439,urinary bladder neoplasms,1,True
circvangl1,urinary bladder neoplasms,1,True
hsa_circ_0025202,breast neoplasms,1,True
circankrd36,precursor cell lymphoblastic leukemia-lymphoma,0,True
circfgfr3,"carcinoma, non-small-cell lung",1,True
hsa_circrna_101873,"arthritis, rheumatoid",1,True
circzfr,urinary bladder neoplasms,1,True
hsa_circ_0075001,"leukemia, myeloid, acute",1,True
hsa_circrna_406918,diabetic retinopathy,1,True
hsa_circ_002136,glioma,1,True
circptpra,urinary bladder neoplasms,1,True
hsa_circ_0001313,colonic neoplasms,1,True
hsa_circ_0026134,salivary adenoid cystic carcinoma,0,True
hsa_circrna_000479,triple negative breast neoplasms,1,True
hsa_circ_0058058,"leukemia, myeloid, acute",1,True
hsa_circ_0057093,crohn disease,0,True
cdr1as,urinary bladder neoplasms,1,True
hsa_circ_0001429,urinary bladder neoplasms,1,True
hsa_circrna_0007334,"carcinoma, pancreatic ductal",1,True
hsa_circ_0082374,glioma,1,True
hsa_circ_100290,"leukemia, myeloid, acute",1,True
circrna_000284,uterine cervical neoplasms,1,True
hsa_circ_0004712,"arthritis, rheumatoid",1,True
hsa_circ_0092306,stomach neoplasms,1,True
hsa_circ_0056731,"carcinoma, pancreatic ductal",0,True
circ-postn,glioma,1,True
circtrim33-12,"carcinoma, hepatocellular",1,True
circibtk,"lupus erythematosus, systemic",1,True
circ-cdyl,breast neoplasms,1,True
circ-foxm1,melanoma,1,True
hsa_circ_0072083,"carcinoma, non-small-cell lung",1,True
hsa_circ_0000518,multiple sclerosis,1,True
circrna_0072309,liver neoplasms,1,True
circptn,glioma,1,True
circ_aff2,"leukemia, myeloid, acute",0,True
circ_sdha,colonic neoplasms,0,True
hsa_circrna_015115,t2dm with depression,1,True
circ-itch,urinary bladder neoplasms,1,True
hsa_circrna_063981,diabetic retinopathy,1,True
hsa_circ_0001451,triple negative breast neoplasms,1,True
cdr1as,osteosarcoma,1,True
hsa_circ_0089310,carotid plaque rupture,0,True
hsa_circ_0004771,breast neoplasms,1,True
hsa_circ_0004277,"leukemia, myeloid, acute",1,True
circrna-acap2,colonic neoplasms,1,True
hsa_circ_0008225,glioma,1,True
hsa_circ_0091702,intervertebral disc degeneration,1,True
circman2b2,glioma,1,True
hsa_circ_0007534,breast neoplasms,1,True
hsa_circ_0071410,liver neoplasms,1,True
cir-ccdc66,hirschsprung disease,1,True
hsa_circ_0108308,repeated implantation failure,0,True
circ_0043144,"vitreoretinopathy, proliferative",1,True
hsa_circ_0017446,"leukemia, myeloid, acute",1,True
hsa_circrna_092516,"arthritis, rheumatoid",1,True
hsa_circ_0001445,uterine cervical neoplasms,1,True
hsa_circ_0020397,colorectal neoplasms,1,True
hsa_circ_0001819,lupus nephritis,1,True
circshkbp1,glioma,1,True
hsa_circ_0087862,"carcinoma, non-small-cell lung",1,True
hsa_circ_0001098,breast neoplasms,1,True
circrna_5692,"carcinoma, hepatocellular",1,True
hsa_circ_0078768,active pulmonary tuberculosis,1,True
hsa_circ_0000735,"carcinoma, non-small-cell lung",1,True
hsa_circ_0061825,breast neoplasms,1,True
hsa_circ_0071589,colorectal neoplasms,1,True
hsa_circ_0000337,esophageal squamous cell carcinoma,1,True
circbirc6,"carcinoma, non-small-cell lung",1,True
hsa_circ_402458,"liver cirrhosis, biliary",1,True
hsa_circ_0008549,stomach neoplasms,1,True
hsa_circ_0001946,alzheimer disease,1,True
hsa_circrna_100918,endometrial neoplasms,0,True
hsa_circ_0001721,osteosarcoma,1,True
hsa_circ_0057762,"lupus erythematosus, systemic",1,True
circ-pitx1,glioblastoma,1,True
hsa_circ_0006404,prostatic neoplasms,1,True
circ_0002198,"liver cirrhosis, biliary",0,True
hsa_circ_0045272,"lupus erythematosus, systemic",1,True
hsa_circrna_101720,"carcinoma, mucoepidermoid",0,True
hsa_circ_102533,leukoaraiosis,1,True
hsa_circ_0005620,"depressive disorder, major",1,True
hsa_circ_0000254,"leukemia, myeloid, acute",1,True
hsa_circ_0035483,"carcinoma, renal cell",1,True
hsa_circ_0012129,glioma,1,True
hsa_circ_0068033,breast neoplasms,1,True
hsa_circ_0023903,moyamoya disease,1,True
circfam114a2,bladder urothelial carcinoma,1,True
circyap1,stomach neoplasms,1,True
