circRNA,disease,label
circrna-0004904,pre-eclampsia,1
hsa_circ_0006404,hepatoblastoma,0
circmyo10,aortic aneurysm,0
hsa_circ_0007915,coronary atherosclerotic heart disease,0
hsa_circ_0008039,breast neoplasms,1
circ_arf3,osteoporosis,0
circdennd4c,breast neoplasms,1
circepsti1,prostatic neoplasms,0
circ-atp8a2,crohn disease,0
hsa_circ_0082824,"tuberculosis, pulmonary",0
hsa_circ_0005015,"leukemia, lymphocytic, chronic, b-cell",0
circ_101222,hepatoblastoma,0
hsa_circ_0037655,bladder urothelial carcinoma,0
circrna_000543,nasopharyngeal carcinoma,1
hsa_circrna_086376,active tuberculosis,0
hsa_circ_0000204,"carcinoma, hepatocellular",1
circscaf11,glioma,1
hsa_circ_0009362,"carcinoma, non-small-cell lung",0
hsa_circ_103973,uterine cervical neoplasms,1
hsa_circ_0011385,"liver cirrhosis, biliary",0
circ_stk24,retinal neurodegeneration,0
circ-foxo3,glioblastoma,1
circ-adam9,fatty liver,0
circ2174,cholangiocarcinoma,1
circrbms3,stomach neoplasms,1
hsa_circ_0000267,stomach neoplasms,1
circzfp57,prostatic neoplasms,1
hsa_circ_0000515,uterine cervical neoplasms,1
hsa_circrna_091692,atherosclerosis,0
circrna.1030,leukemia,0
hsa_circ_0001417,tuberculosis,1
hsa_circ_0001900,endometrial neoplasms,0
circsmarca5,cardiovascular diseases,1
circrna_0084043,asthma,0
circrna-0067835,liver neoplasms,0
hsa_circ_0068871,cardiovascular diseases,0
circ-znf609,"carcinoma, hepatocellular",0
hsa_circ_0004928,lupus nephritis,0
hsa_circ_104871,vascular endothelial dysfunction,0
hsa_circ_0005230,liver cirrhosis,0
hsa_circrna_101720,moyamoya disease,1
hsa_circrna_104310,sciatica,0
hsa_circ_0017446,precursor cell lymphoblastic leukemia-lymphoma,0
hsa_circ_0000291,active tuberculosis,0
circ-ezh2,irradiated hepatic stellate cell,0
hsa_circ_0014243,hypertension,1
circ-cspp1,ovarian neoplasms,1
hsa_circ_0000337,esophageal squamous cell carcinoma,1
hsa_circ_0001417,"depressive disorder, major",0
hsa_circ_0026134,diabetic nephropathies,0
hsa_circ_0001971,squamous cell carcinoma of head and neck,1
hsa_circ_0005230,thyroid neoplasms,0
hsa_circ_0006168,facet joint osteoarthritis,0
hsa_circ_0008305,essential hypertension,0
hsa_circ_0006848,diabetes mellitus,0
hsa_circ_0054537,coronary artery disease,1
hsa_circ_0007534,breast neoplasms,1
hsa_circ_0079593,glioma,1
hsa_circ_092516,gallbladder neoplasms,0
circsema4b,hypopharyngeal neoplasms,0
circ-cdyl,diabetic retinopathy,0
hsa_circ_0016788,"carcinoma, hepatocellular",1
hsa_circ_0001073,myocardial infarction,0
hsa-circrna11783-2,coronary artery disease,1
czranb1,melanoma,0
hsa_circ_0054345,irradiated hepatic stellate cell,1
hsa_circ_0008365,stomach neoplasms,1
hsa_circ6510-1,alzheimer disease,0
circ-eif4g3,infantile hemangioma,0
hsa_circ_0000495,squamous cell carcinoma of head and neck,1
hsa_circ_0012673,adenocarcinoma of lung,1
cdr1as,triple negative breast neoplasms,1
hsa_circ_0087537,immunosenescence,0
circhla-c,lupus nephritis,1
hsa_circrna_009024,active tuberculosis,1
hsa_circ_0004458,leukemia,0
circnfix,glioma,1
hsa_circ_0052012,"arthritis, rheumatoid",1
hsa_circ_0062557,"arthritis, rheumatoid",0
hsa_circ_0068033,cutaneous squamous cell carcinoma,0
circular rna wdr77,cardiovascular diseases,1
circagfg1,thyroid neoplasms,0
hsa_circ_0067835,endometriosis,0
circmylk,repeated implantation failure,0
hsa_circ_0003645,"carcinoma, non-small-cell lung",1
circ-itch,lung neoplasms,1
hsa_circ_0004771,breast neoplasms,1
hsa_circrna_406557,prostatic neoplasms,1
hsa_circ_0000175,uterine cervical neoplasms,0
hsa_circ_0068489,"tuberculosis, pulmonary",0
circlmtk2,multiple sclerosis,0
ctfrc,urinary bladder neoplasms,1
circsema4b,aortic aneurysm,0
hsa_circrna_067209,squamous cell carcinoma of head and neck,0
hsa_circ_0034398,t2dm with depression,0
hsa_circ_0054537,breast neoplasms,0
circlmtk2,prostatic neoplasms,1
circatp2b1,multiple sclerosis,0
circnup214,"thyroid cancer, papillary",1
circrna_0047905,lymphangiogenesis,0
circular rna wdr77,ischemic stroke,0
hsa_circ_0026134,salivary adenoid cystic carcinoma,0
hsa_circ_0074362,glioma,1
hsa_circ_0004712,"arthritis, rheumatoid",1
circ_ankib1,osteosarcoma,1
hsa_circ_001895,"carcinoma, renal cell",1
circ-homer1,"leukemia, lymphocytic, chronic, b-cell",0
circgucy1a2,prostatic neoplasms,1
circ-znf609,t2dm with depression,0
circ-pgam1,"leukemia, promyelocytic, acute",0
hsa_circ_0000654,silicosis,0
hsa-circ-000595,aortic aneurysm,1
hsa_circ_0001742,squamous cell carcinoma of head and neck,1
circrna_001569,stomach neoplasms,1
hsa_circ_0072410,diabetic retinopathy,1
hsa_circ_0067934,uterine cervical neoplasms,1
hsa_circ_052372,intervertebral disc degeneration,0
hsa_circ_0001445,myocardial infarction,0
hsa_circrna_000479,triple negative breast neoplasms,1
circ_103124,essential hypertension,0
hsa_circrna_0007334,"carcinoma, pancreatic ductal",1
circ2174,breast neoplasms,0
hsa_circ_0006848,stomach neoplasms,1
hsa_circ_0008717,"carcinoma, non-small-cell lung",1
hsa_circ_0001819,lupus nephritis,1
hsa_circ_0025039,ischemic stroke,0
circhipk3,"carcinoma, renal cell",1
hsa_circrna_061346,mucocutaneous lymph node syndrome,0
circrna_104718,cholangiocarcinoma,0
hsa_circ_0056618,coronary artery disease,0
hsa_circ_0015278,"thyroid cancer, papillary",1
hsa_circ_0061825,"thyroid cancer, papillary",0
hsa_circ_0001725,stomach neoplasms,1
hsa_circrna_008068,"depressive disorder, major",0
circagfg1,triple negative breast neoplasms,1
hsa_circ_0092012,lymphangiogenesis,0
hsa_circ_0000592,ischemic stroke,0
hsa_circ_0050898,alzheimer disease,0
circrna_11058,rheumatic heart disease,1
hsa_circ_0034642,glioma,1
hsa_circ_0000792,silicosis,0
hsa_circ_0001897,stomach neoplasms,1
circ_101222,stomach neoplasms,0
hsa_circ_0004846,herpes simplex,0
circ_efcab2,"carcinoma, hepatocellular",0
circpvt1,lung neoplasms,1
hsa_circ_0006323,"thyroid cancer, papillary",0
hsa_circ_0092306,stomach neoplasms,1
circ-eif4g3,stomach neoplasms,1
hsa_circrna_0054633,"prostatic neoplasms, castration-resistant",0
hsa_circ_0124644,lung neoplasms,0
circubxn7,urinary bladder neoplasms,1
circ-ube2d2,breast neoplasms,1
hsa_circ_104871,"arthritis, rheumatoid",1
circadamts13,liver neoplasms,1
hsa_circ_0001564,metabolism-related diseases,0
circslc8a1,melanoma,0
hsa_circ_0000518,multiple sclerosis,1
hsa_circ_100395,lung neoplasms,1
circrna_100284,liver neoplasms,1
circ_0004712,endometriosis,1
circrna_15698,"carcinoma, mucoepidermoid",0
hsa_circ_0001038,uterine cervical neoplasms,1
hsa_circ_101280,"carcinoma, hepatocellular",1
circrip2,endometriosis,0
hsa_circ_0018069,multiple system atrophy,0
circkdm4c,endometriosis,0
hsa_circrna11806-28,ovarian neoplasms,0
circrna_11109,rheumatic heart disease,1
hsa_circ_102470,pre-eclampsia,0
hsa_circ_0002362,"carcinoma, ovarian epithelial",0
hsa_circ_0053743,retinal neurodegeneration,0
circ-nsd2,"liver cirrhosis, biliary",0
hsa_circrna_014213,esophageal squamous cell carcinoma,0
hsa_circ_0068871,lung squamous cell carcinoma,0
circslc7a6,prostatic neoplasms,1
hsa_circ_0006801,"osteoporosis, postmenopausal",1
circ_stk17a,"epilepsy, temporal lobe",1
hsa_circrna_14623,laryngeal neoplasms,0
hsa_circ_00001666,hypertension,0
hsa_circ_0091702,intervertebral disc degeneration,1
circ-znf652,"carcinoma, renal cell",1
circ_stk24,repeated implantation failure,0
hsa_circ_0007059,lung neoplasms,1
circ-itch,"carcinoma, ovarian epithelial",1
hsa_circrna_102116,myocardial infarction,0
hsa_circ_0001429,myocardial infarction,0
hsa_circ_100338,"carcinoma, hepatocellular",1
hsa_circ_0000199,atherosclerosis,0
circmllt10,cholangiocarcinoma,0
hsa_circrna_014213,"thyroid cancer, papillary",1
hsa_circ_0103552,breast neoplasms,1
circptpn22,"diabetes, gestational",0
circrna_0001073,aortic aneurysm,0
hsa_circ_0000799,urinary bladder neoplasms,1
hsa_circ_0074026,myocardial senescence,0
hsa_circ_0005273,endometrial neoplasms,0
circpip5k1a,colonic neoplasms,1
hsa_circrna_406557,alzheimer disease,0
hsa_circrna_105055,colorectal neoplasms,1
circ-notch1,stomach neoplasms,1
hsa_circrna_101408,"thyroid cancer, papillary",1
circ_sdha,tuberculosis,0
hsa_circ_0012384,"carcinoma, non-small-cell lung",1
circ-prmt5,urinary bladder neoplasms,1
hsa_circ_402458,"liver cirrhosis, biliary",1
hsa_circ_0000977,myocardial infarction,0
hsa_circ_0008450,"carcinoma, hepatocellular",1
hsa_circ_0000376,urinary bladder neoplasms,0
hsa_circ_0002346,adenocarcinoma of lung,1
hsa_circ_0004015,"carcinoma, non-small-cell lung",1
hsa_circ_0019069,ovarian neoplasms,0
cirs-133,stomach neoplasms,1
hsa_circ_0091570,cutaneous squamous cell carcinoma,0
hsa_circ_0000681,"tuberculosis, pulmonary",1
circmat2b,"carcinoma, hepatocellular",1
hsa_circ_0040705,"lupus erythematosus, systemic",1
hsa_circ_0081108,breast neoplasms,0
hsa_circrna_102761,colorectal neoplasms,1
hsa_circ_0025039,herpes simplex,0
hsa_circ_0000190,osteosarcoma,1
circzfr,essential hypertension,0
circmylk,urinary bladder neoplasms,1
hsa_circ_0001742,pre-eclampsia,0
circdync1h1,"carcinoma, hepatocellular",1
circ_aff2,"leukemia, myeloid, acute",0
hsa_circ_0072309,breast neoplasms,1
circrna_104871,colorectal neoplasms,0
circrna_09993,diabetic nephropathies,0
circubap2,lung neoplasms,1
hsa_circ_0020732,adenocarcinoma of lung,1
hsa_circ_0015756,"carcinoma, hepatocellular",1
hsa_circ_0001821,immunosenescence,0
hsa_circ_0137439,urinary bladder neoplasms,1
hsa_circ_0014243,retinal neurodegeneration,0
hsa_circ_0004136,coronary artery disease,0
hsa_circ_0005620,"depressive disorder, major",1
czranb1,myocardial infarction,0
circctdp1,melanoma,0
circ_004662,cutaneous squamous cell carcinoma,0
hsa_circ_0005075,glucocorticoid-induced osteonecrosis of femoral head,0
circctdp1,urinary bladder neoplasms,1
hsa_circ_0009910,"carcinoma, hepatocellular",1
circtnfrsf21,endometrial neoplasms,1
hsa_circ_0076248,glioma,1
hsa_circ_0092012,cardiac senescence,0
hsa_circrna_004662,"thyroid cancer, papillary",1
cznf292,heart failure,1
hsa_circ_0014130,"carcinoma, non-small-cell lung",1
circ-ldlrad3,liver cirrhosis,0
hsa_circrna_101996,prostatic neoplasms,1
hsa_circ_0137606,hypertension,0
hsa_circrna_404686,repeated implantation failure,1
hsa_circ_0072668,crohn disease,0
hsa_circ_0004771,esophageal squamous cell carcinoma,1
hsa_circ_0072309,"carcinoma, renal cell",1
hsa_circrna_046843,"carcinoma, ovarian epithelial",0
circrna7752,laryngeal neoplasms,0
hsa_circ_0002142,infantile hemangioma,0
circmto1,rectal neoplasms,1
hsa_circ_0003171,"vitreoretinopathy, proliferative",0
hsa_circrna_100914,moyamoya disease,1
hsa_circ_0012129,esophageal neoplasms,0
circrpms1,"epilepsy, temporal lobe",0
cttn4,heart failure,1
hsa_circ_0074027,"carcinoma, non-small-cell lung",1
hsa_circ_0023303,metabolism-related diseases,0
hsa_circ_0001900,lung squamous cell carcinoma,0
circhiat1,retinal neurodegeneration,0
hsa_circ_0056731,active tuberculosis,0
circrna_5692,myocardial senescence,0
circ_sdha,stomach neoplasms,0
circwhsc1,ovarian neoplasms,1
hsa_circ_0000190,multiple myeloma,1
circrna_101368,"carcinoma, hepatocellular",1
circrna_101368,multiple system atrophy,0
circ-cep85l,stomach neoplasms,1
hsa_circ_0052012,cholangiocarcinoma,0
hsa_circ_0008365,mucocutaneous lymph node syndrome,0
circlarp4,"carcinoma, hepatocellular",1
circatp2b1,active pulmonary tuberculosis,0
hsa_circrna_009024,"leukemia, lymphocytic, chronic, b-cell",0
hsa_circ_0006528,breast neoplasms,1
hsa_circ_0056836,liver cirrhosis,0
hsa_circ_0020397,irradiated hepatic stellate cell,0
hsa_circrna_004183,repeated implantation failure,1
hsa_circ_0025202,cholangiocarcinoma,0
circsept9,carotid plaque rupture,0
hsa_circ_052372,retinal neurodegeneration,0
circnrip1,pre-eclampsia,0
hsa_circ_0040705,"diabetes mellitus, type 2",0
hsa_circ_0005105,ovarian neoplasms,0
circrna_0072309,liver neoplasms,1
hsa_circ_0087215,diabetic retinopathy,1
hsa_circ_0052012,diabetes mellitus,0
circfat1,osteosarcoma,1
hsa_circ_0005218,"vitreoretinopathy, proliferative",0
hsa_circ_0001955,infantile hemangioma,0
hsa_circ_0000729,adenocarcinoma of lung,1
circslc3a2,crohn disease,0
hsa_circ_0003855,retinal neurodegeneration,0
circptpn22,"depressive disorder, major",0
circsmo742,prostatic neoplasms,0
hsa_circ_0074027,glioblastoma,1
circrna.22054,"diabetes, gestational",1
hsa_circ_0008549,stomach neoplasms,1
hsa_circ_0006801,lupus nephritis,0
circ-foxm1,esophageal neoplasms,0
circtcf25,osteosarcoma,1
hsa_circ_0101432,"carcinoma, hepatocellular",1
circrna_0016624,retinal neurodegeneration,0
hsa_circ_0003028,"lymphoma, large b-cell, diffuse",0
circrna_000284,diabetes mellitus,0
hsa_circ_0002161,essential hypertension,1
hsa_circ_0004458,"thyroid cancer, papillary",1
hsa_circ_001783,breast neoplasms,1
circgucy1a2,adenocarcinoma of lung,0
hsa_circ_0001946,glioblastoma,1
circ-abcb10,breast neoplasms,1
hsa_circ_0021093,facet joint osteoarthritis,0
hsa_circ_0037911,hypertension,0
circrna_101505,"carcinoma, hepatocellular",1
circrna_001275,multiple sclerosis,0
hsa_circ_001653,"carcinoma, pancreatic ductal",1
hsa_circ_0019069,diabetic retinopathy,1
hsa_circ_0056618,"leukemia, lymphocytic, chronic, b-cell",0
circ_0043144,"vitreoretinopathy, proliferative",1
circrna_11017,diabetic retinopathy,0
circrna-0067835,"epilepsy, temporal lobe",1
circman2b2,lung neoplasms,1
circ-ash2l,"carcinoma, pancreatic ductal",1
circ_0002198,endometriosis,1
circslc8a1,"leukemia, lymphocytic, chronic, b-cell",0
circ-ash2l,fatty liver,0
hsa_circ_0068489,multiple myeloma,0
circhipk3,liver neoplasms,1
circ_specc1,stomach neoplasms,1
circ_slc19a1,prostatic neoplasms,1
circkdm4c,multiple myeloma,0
circprrc2a,"carcinoma, renal cell",1
hsa_circ_0000218,colorectal neoplasms,1
hsa_circ_0009910,"leukemia, myeloid, acute",1
hsa_circrna_044353,"lupus erythematosus, systemic",0
hsa_circ_cspp1,cardiac fibrosis,0
circ-zeb1.33,"carcinoma, hepatocellular",1
hsa_circrna_091420,prostatic neoplasms,1
hsa_circ_0008797,"tuberculosis, pulmonary",1
circpip5k1a,coronary atherosclerotic heart disease,0
hsa_circ_0001821,leukoaraiosis,0
hsa_circ_003524,silicosis,0
hsa_circrna_100833,lung neoplasms,1
circ-pitx1,glioma,1
hsa_circ_0000654,esophageal squamous cell carcinoma,1
hsa_circ_0056618,stomach neoplasms,1
circrna.2837,sciatica,1
hsa_circ_0008078,"leukemia, myeloid, acute",1
hsa_circ_004183,diabetic nephropathies,0
circlpar1,"lupus erythematosus, systemic",0
hsa_circ_0018508,"diabetes mellitus, type 2",1
hsa_circ_0014130,adenocarcinoma of lung,1
circptn,glioma,1
circrna_0005941,acne vulgaris,1
hsa_circ_0001451,liver neoplasms,0
hsa_circ_0071662,cardiovascular diseases,0
hsa_circ_0006427,adenocarcinoma of lung,1
hsa_circ_000926,"carcinoma, renal cell",1
hsa_circrna_104964,colonic neoplasms,0
hsa_circrna_103410,diabetic retinopathy,1
circlarp4,ovarian neoplasms,1
hsa_circrna_104310,infantile hemangioma,1
hsa_circ_0007874,ovarian neoplasms,1
circhipk3,lung neoplasms,1
circmat2b,esophageal neoplasms,0
circrna_001275,mucocutaneous lymph node syndrome,0
hsa_circ_0062389,liver neoplasms,0
cmras,adenocarcinoma of lung,1
hsa_circ_0063781,facet joint osteoarthritis,1
hsa_circ_0006404,prostatic neoplasms,1
hsa_circ_0000378,hirschsprung disease,0
circrna_atp9b,osteoarthritis,1
circ_drosha,"depressive disorder, major",0
hsa_circ_0093996,retinoblastoma,1
circubap2,esophageal squamous cell carcinoma,1
hsa_circ_0003519,active pulmonary tuberculosis,1
hsa_circ_0039569,endometrial neoplasms,1
hsa_circ_0046701,glioma,1
hsa_circ_0051079,osteosarcoma,1
hsa_circ_0037251,"liver cirrhosis, biliary",0
hsa_circ_0088732,glioma,1
hsa_circ_0051443,hirschsprung disease,0
hsa_circ_0008792,osteosarcoma,1
circ-nsd2,diabetic retinopathy,0
hsa_circ_0087206,diabetic retinopathy,1
hsa_circ_0053277,laryngeal neoplasms,0
circ-postn,glioma,1
circankrd36,lung squamous cell carcinoma,0
hsa_circ_0124644,coronary artery disease,1
hsa_circ_0068087,diabetes mellitus,1
hsa_circ_0008305,"carcinoma, non-small-cell lung",1
hsa_circrna_0007874,"carcinoma, hepatocellular",1
hsa_circ_0001785,osteosarcoma,1
hsa_circ_0071410,"carcinoma, ovarian epithelial",0
circ-scarb1,breast neoplasms,0
hsa_circ_0003171,hematopoiesis,0
circ-cdyl,multiple sclerosis,0
circpvt1,esophageal neoplasms,1
hsa_circ_0050898,moyamoya disease,1
circ-znf609,liver neoplasms,0
hsa_circ_0004136,"leukemia, myeloid, acute",1
hsa_circ_0001866,"lupus erythematosus, systemic",1
circrna_5692,"carcinoma, hepatocellular",1
hsa_circ_007850,fatty liver,1
hsa_circ_0032970,"carcinoma, pancreatic ductal",0
hsa_circ_0024892,hirschsprung disease,0
hsa_circ_0137008,repeated implantation failure,0
circzfr,leukoaraiosis,0
circhectd1,stomach neoplasms,1
circlpar1,urinary bladder neoplasms,1
hsa_circ_0023115,endometriosis,1
hsa_circ_103783,acne vulgaris,0
circmtdh.4,"carcinoma, non-small-cell lung",1
circhiat1,stomach neoplasms,1
hsa_circ_0012342,myocardial infarction,0
circrna6783,breast neoplasms,0
circ_101222,pre-eclampsia,1
circrna.2837,stomach neoplasms,0
hsa_circrna_100918,endometrial neoplasms,0
circ-atp8a2,inflammatory bowel diseases,0
circepsti1,ovarian neoplasms,1
hsa_circrna_102336,urinary bladder neoplasms,1
hsa_circ_407176,chronic thromboembolic pulmonary hypertension,0
hsa_circ_0001445,uterine cervical neoplasms,1
circ_usp9y,"epilepsy, temporal lobe",1
circ-smad2,ovarian neoplasms,0
circrna_0086376,acne vulgaris,1
hsa_circ_0002113,"tuberculosis, pulmonary",1
hsa_circ_0087862,"carcinoma, non-small-cell lung",1
hsa_circrna_104854,multiple system atrophy,0
circ-pgam1,moyamoya disease,0
circslc8a1,cardiovascular diseases,1
circtrim33-12,primary great saphenous vein varicosities,0
circ-cep85l,"carcinoma, non-small-cell lung",0
hsa_circ_0025202,breast neoplasms,1
hsa_circ_0001742,lymphangiogenesis,0
hsa_circ_0050898,hepatoblastoma,0
circfarsa,"lupus erythematosus, systemic",0
hsa_circ_0000140,squamous cell carcinoma of head and neck,1
circrna6783,herpes simplex,1
hsa_circ_0023903,moyamoya disease,1
circcep128,rectal neoplasms,0
hsa_circ_0057481,myocardial infarction,0
hsa_circ_0000594,lupus nephritis,0
circadamts13,"carcinoma, hepatocellular",1
circrna_0001073,"epilepsy, temporal lobe",0
circgfra1,heart failure,0
circrapgef5,infantile hemangioma,0
circ-abcb10,"carcinoma, hepatocellular",1
hsa_circ_0000993,stomach neoplasms,1
hsa_circ_0005870,adenocarcinoma of lung,0
hsa_circrna_104871,"arthritis, rheumatoid",1
circ-hipk2,hepatoblastoma,0
hsa_circrna_104296,t2dm with depression,0
hsa_circ_0009361,colorectal neoplasms,1
circass1,diabetic retinopathy,0
cznf609,lymphangiogenesis,1
hsa_circ_0009128,active pulmonary tuberculosis,1
hsa_circrna_092516,"arthritis, rheumatoid",1
circ-foxm1,"thyroid cancer, papillary",1
hsa_circ_0000654,"leukemia, myeloid, acute",0
hsa_circ_0018069,diabetes mellitus,0
hsa_circrna_406918,colonic neoplasms,0
hsa_circ_0025033,cardiovascular diseases,0
hsa_circ_0001400,multiple sclerosis,1
circ-pgam1,colonic neoplasms,0
circatrnl1,ischemic stroke,0
hsa_circ_0124644,"leukemia, promyelocytic, acute",0
circ-rangap1,multiple myeloma,0
circcep128,hypertension,0
circ-pax2,multiple system atrophy,0
hsa_circ_0053743,osteoporosis,0
hsa_circ_0016760,mucocutaneous lymph node syndrome,0
hsa_circ_004121,fatty liver,1
hsa_circ_0006168,intervertebral disc degeneration,0
circptpn22,cardiovascular diseases,0
circ_vps37c,ischemic stroke,0
hsa_circ_0028882,esophageal neoplasms,0
hsa_circ_0005230,"liver diseases, alcoholic",0
hsa_circ_0089378,"epilepsy, temporal lobe",0
hsa_circ_0072309,"carcinoma, non-small-cell lung",1
hsa_circ_0071896,"lymphoma, large b-cell, diffuse",0
hsa_circ_402458,silicosis,0
hsa_circ_0051443,"carcinoma, hepatocellular",1
circfoxo3,urinary bladder neoplasms,0
hsa_circ_0006282,stomach neoplasms,1
circrhoc,ovarian neoplasms,1
circadamts13,crohn disease,0
circzc3h4,silicosis,1
circpvt1,stomach neoplasms,1
circrna_100284,lymphangiogenesis,0
hsa_circ_0002078,"carcinoma, ovarian epithelial",0
circirak3,breast neoplasms,1
hsa_circrna_104964,"lupus erythematosus, systemic",0
hsa_circ_0006168,acne vulgaris,0
hsa_circ_0091570,"carcinoma, hepatocellular",1
circ-scarb1,squamous cell carcinoma of head and neck,1
circrna_0072309,cardiovascular diseases,0
circ-ptprz1,esophageal neoplasms,0
hsa_circrna_406918,diabetic retinopathy,1
circrna-acap2,atherosclerosis,0
hsa_circ_0001204,tuberculosis,1
circatp2b1,"carcinoma, renal cell",1
circ_vps37c,vascular endothelial dysfunction,0
circ-cdyl,diabetic cataract,0
circmyo10,osteosarcoma,1
cdr1as,osteosarcoma,1
hsa_circrna_002178,breast neoplasms,1
hsa_circ_0061140,"carcinoma, mucoepidermoid",0
hsa_circ_000367,fatty liver,1
hsa_circrna_102116,infantile hemangioma,1
circ-pgam1,endometriosis,0
circ_orc2,crohn disease,0
hsa_circ_0001982,breast neoplasms,1
hsa_circ_0072995,primary great saphenous vein varicosities,0
circptgr1,"carcinoma, hepatocellular",1
circ-hipk2,"leukemia, promyelocytic, acute",1
hsa_circ_cspp1,squamous cell carcinoma of head and neck,0
hsa_circ_0113854,coronary artery disease,1
hsa_circ_0064996,"arthritis, rheumatoid",1
cdr1as,nasopharyngeal carcinoma,1
hsa_circ_0043278,"carcinoma, non-small-cell lung",1
hsa_circ_0000414,multiple sclerosis,0
hsa_circ_0015758,glioma,1
hsa_circ_0006168,"hemorrhagic fever, ebola",0
circibtk,"lupus erythematosus, systemic",1
hsa_circ_0067209,moyamoya disease,1
hsa_circrna_100533,ovarian neoplasms,0
hsa_circrna_100833,ovarian neoplasms,0
hsa_circ_102533,leukoaraiosis,1
circrna6783,myocardial infarction,0
hsa_circ_0000567,"prostatic neoplasms, castration-resistant",0
circzc3h4,diabetes mellitus,0
circ-prkci,"carcinoma, hepatocellular",1
hsa_circ_0005239,diabetic retinopathy,0
hsa_circ_0079993,asthma,0
hsa_circrna_404686,myocardial senescence,0
hsa_circ_0083357,coronary artery disease,1
hsa_circ_0023956,active pulmonary tuberculosis,1
circrna_001275,esophageal neoplasms,1
hsa_circrna11806-28,"diabetes mellitus, type 2",1
circ_103546,crohn disease,1
hsa_circ_0000073,breast neoplasms,1
hsa_circ_0080210,hypertension,0
circrna_8924,squamous cell carcinoma of head and neck,0
circ-acaca,"carcinoma, non-small-cell lung",1
circbmpr2,breast neoplasms,1
hsa_circ_001598,ischemic stroke,0
circepsti1,triple negative breast neoplasms,1
hsa_circ_0037909,essential hypertension,1
hsa_circ_0000291,stomach neoplasms,1
hsa_circrna_101996,uterine cervical neoplasms,1
hsa_circ_0030569,tuberculosis,1
hsa_circ_0000479,"leukemia, myeloid, acute",0
hsa_circ_0053277,active tuberculosis,0
circ-pgam1,"carcinoma, ovarian epithelial",1
hsa_circ_0006916,glucocorticoid-induced osteonecrosis of femoral head,0
circ_katnal1,prostatic neoplasms,1
hsa_circ_402458,squamous cell carcinoma of head and neck,0
circpicalm,urinary bladder neoplasms,1
circ-banp,lung neoplasms,1
circfgfr3,"liver cirrhosis, biliary",0
hsa_circ_0012129,glioma,1
hsa_circ_0006916,lung neoplasms,1
hsa_circ_0051443,endometrial neoplasms,0
circ_1639,ischemic stroke,0
hsa_circ_0000144,urinary bladder neoplasms,1
hsa_circ_0062557,endometriosis,1
hsa_circ_0000263,active tuberculosis,0
circrna_104433,stomach neoplasms,1
circ-zeb1.33,glioblastoma,0
circpcnx,"carcinoma, hepatocellular",1
hsa_circ_0000254,ischemic stroke,0
circrna_103047,"arthritis, rheumatoid",1
hsa_circ_092516,"arthritis, rheumatoid",1
hsa_circ_081069,squamous cell carcinoma of head and neck,1
hsa_circ_0004458,laryngeal neoplasms,0
hsa_circ_0067934,"carcinoma, hepatocellular",1
circccdc66,breast neoplasms,1
hsa_circ_0002768,urinary bladder neoplasms,1
hsa_circ_0000254,"leukemia, myeloid, acute",1
circ-anapc7,inflammatory bowel diseases,0
hsa_circ_0000378,esophageal squamous cell carcinoma,0
circ_ankib1,rheumatic heart disease,0
hsa_circ_0025202,repeated implantation failure,0
circatrnl1,squamous cell carcinoma of head and neck,1
hsa_circ_0000554,esophageal neoplasms,1
circabcc2,primary great saphenous vein varicosities,0
circamotl1l,irradiated hepatic stellate cell,0
hsa_circ_0063179,"tuberculosis, pulmonary",1
hsa_circrna_104964,urinary bladder neoplasms,0
circplekhm3,"carcinoma, non-small-cell lung",0
hsa_circ_0001105,osteosarcoma,1
circubap2,osteosarcoma,0
hsa_circrna_103387,osteoarthritis,1
hsa_circ_0011780,"diabetes mellitus, type 2",0
hsa_circ_0001361,hypertension,0
hsa_circ_0001206,prostatic neoplasms,1
hsa_circ_104075,liver cirrhosis,0
hsa_circ_0032627,stomach neoplasms,1
hsa_circ_0020397,"carcinoma, mucoepidermoid",0
hsa_circ_0056836,breast neoplasms,0
hsa_circ_0101432,aortic aneurysm,0
circadamts14,"carcinoma, hepatocellular",1
hsa_circ_0000284,lung neoplasms,1
hsa_circ_0003998,cutaneous squamous cell carcinoma,0
hsa_circ_0002362,"tuberculosis, pulmonary",1
hsa_circ_0072391,hepatoblastoma,1
hsa_circ_0012673,lung neoplasms,1
hsa_circ_0005870,hypertension,1
circccdc66,pancreatic neoplasms,1
hsa_circ_0002062,chronic thromboembolic pulmonary hypertension,1
circ-prkci,esophageal squamous cell carcinoma,1
hsa_circ6510-1,coronary artery disease,1
hsa_circ_0059655,salivary adenoid cystic carcinoma,1
hsa_circ_0032970,coronary artery disease,1
hsa_circ_0052012,glioma,0
hsa_circ_0035381,"leukemia, myeloid, acute",1
hsa_circ_0000735,vascular endothelial dysfunction,0
hsa_circ_0074026,glioma,1
circvangl1,osteosarcoma,0
circfgfr1,"carcinoma, non-small-cell lung",1
circ-ash2l,metabolism-related diseases,0
circpdss1,herpes simplex,0
hsa_circ_0008287,hypopharyngeal neoplasms,1
circrna_09585,carotid plaque rupture,0
hsa_circ_082319,"liver cirrhosis, biliary",1
hsa_circ_0021093,"carcinoma, hepatocellular",1
hsa_circ_0009910,"liver diseases, alcoholic",0
hsa-circ-0000437,hypertension,1
hsa_circ_0064996,ischemic stroke,0
circ-rangap1,stomach neoplasms,1
hsa_circ_0000414,"tuberculosis, pulmonary",1
hsa_circ_0008078,chronic thromboembolic pulmonary hypertension,0
hsa_circ_0000517,osteoarthritis,0
hsa_circ_0004136,endometriosis,0
circrna-acap2,fatty liver,0
hsa_circrna_102101,active tuberculosis,1
hsa_circ_102470,leukoaraiosis,1
circrna_atp9b,"diabetes mellitus, type 2",0
circ-cbfb,colorectal neoplasms,0
hsa_circ_0000408,rectal neoplasms,0
hsa_circ_0033550,cardiovascular diseases,0
hsa_circ_0059655,urinary bladder neoplasms,0
hsa_circ_0005198,glioma,1
hsa_circ_0037655,glioma,1
circ_cct4,"epilepsy, temporal lobe",1
hsa_circ_0060060,thyroid neoplasms,1
hsa_circ_0008225,leukemia,0
hsa_circ_0007843,colonic neoplasms,1
circman2b2,"carcinoma, hepatocellular",1
hsa_circ_0021093,thyroid neoplasms,0
has-circrna_0046367,esophageal squamous cell carcinoma,0
hsa_circ_0029067,facet joint osteoarthritis,1
hsa_circ_0088452,active pulmonary tuberculosis,1
circ-sfmbt2,stomach neoplasms,1
circnup214,bladder urothelial carcinoma,0
hsa_circ_0005519,endometrial neoplasms,0
circ-itch,colorectal neoplasms,1
circacap2,rectal neoplasms,0
circ_drosha,"epilepsy, temporal lobe",1
circplk1,triple negative breast neoplasms,1
circ_orc2,osteosarcoma,1
circmto1,prostatic neoplasms,1
circrna_0016624,"osteoporosis, postmenopausal",1
hsa_circ_0001946,adenocarcinoma of lung,1
circrna_000284,uterine cervical neoplasms,1
hsa_circ_0013255,irradiated hepatic stellate cell,1
hsa_circrna_103503,"arthritis, rheumatoid",1
hsa_circ_0013958,adenocarcinoma of lung,1
hsa_circ_0013255,"leukemia, lymphocytic, chronic, b-cell",0
hsa_circ_0001727,"carcinoma, non-small-cell lung",1
hsa_circ_0001187,"leukemia, myeloid, acute",1
hsa_circ_0068871,glioma,0
circabcc2,ischemic stroke,0
circ_sdha,colonic neoplasms,0
hsa_circ_0017247,melanoma,1
hsa_circ_0020123,"diabetes mellitus, type 2",0
hsa_circ_0006168,esophageal neoplasms,1
hsa_circ_0044529,squamous cell carcinoma of head and neck,1
hsa_circ_0025033,cardiac fibrosis,0
circmyc,cardiac fibrosis,0
hsa_circ_0006323,"carcinoma, non-small-cell lung",0
circ_102610,crohn disease,1
hsa_circ_0007788,"leukemia, promyelocytic, acute",0
hsa_circ_0000378,"lymphoma, large b-cell, diffuse",0
hsa_circ_0000523,colorectal neoplasms,1
circfgfr1,intervertebral disc degeneration,0
circ-cep85l,alzheimer disease,0
circ-abcb10,lung neoplasms,1
hsa_circ_0053743,facet joint osteoarthritis,1
hsa_circ_0037251,tuberculosis,0
circ-akt3,"carcinoma, renal cell",1
hsa_circ_0000615,diabetic retinopathy,1
circc3p1,liver cirrhosis,0
circ-rad23b,nasopharyngeal carcinoma,0
hsa_circ_0008717,breast neoplasms,1
hsa_circ_0137606,urinary bladder neoplasms,1
circpip5k1a,immunosenescence,0
cbl.11,colorectal neoplasms,1
hsa_circ_0061893,irradiated hepatic stellate cell,1
hsa_circrna_001654,urinary bladder neoplasms,0
circ-cep85l,hypopharyngeal neoplasms,0
hsa_circrna_001937,ovarian neoplasms,0
circrhoc,heart failure,0
hsa_circ_0070934,cutaneous squamous cell carcinoma,1
hsa_circ_0037251,glioma,1
circ_0004712,"vitreoretinopathy, proliferative",0
circrna_0047905,silicosis,0
hsa_circ_0036877,"carcinoma, pancreatic ductal",0
hsa_circrna_103343,moyamoya disease,1
circ_092520,crohn disease,1
hsa_circ_0003258,"carcinoma, hepatocellular",1
circfgfr3,"osteoporosis, postmenopausal",0
hsa_circ_0030235,"carcinoma, pancreatic ductal",1
hsa_circ_101873,"arthritis, rheumatoid",1
hsa_circ_0037909,lymphangiogenesis,0
circanks1b,"liver diseases, alcoholic",0
hsa_circ_0006766,active tuberculosis,0
hsa_circ_0066922,diabetic cataract,0
hsa_circ_0003645,diabetic nephropathies,0
circagfg1,"carcinoma, non-small-cell lung",1
hsa_circ_0103809,"carcinoma, hepatocellular",1
hsa_circ_0046599,"carcinoma, ovarian epithelial",0
circrna_104718,"carcinoma, hepatocellular",1
circrnf13,carotid plaque rupture,0
circtnfrsf21,uterine cervical neoplasms,0
cdkn2b-as1,inflammatory bowel diseases,1
hsa_circ_0061893,liver cirrhosis,1
hsa_circ_0000408,retinal neurodegeneration,0
hsa_circ_0001907,"depressive disorder, major",1
circrna_15698,diabetic nephropathies,1
hsa_circrna_104871,endometriosis,0
hsa_circrna_102296,"carcinoma, hepatocellular",0
circ-prmt5,"carcinoma, hepatocellular",1
circrna_8924,salivary adenoid cystic carcinoma,0
hsa_circ_0001658,salivary adenoid cystic carcinoma,0
hsa_circ_002082,glioma,0
hsa_circ_0002211,laryngeal neoplasms,0
hsa_circ_0061140,endometrial neoplasms,1
hsa_circ_0030045,tuberculosis,1
circ_103546,pancreatic neoplasms,0
hsa_circ_0043949,glioblastoma,1
hsa_circ_0001445,adenocarcinoma of lung,0
hsa_circ_0082824,essential hypertension,0
hsa_circrna_100782,pre-eclampsia,1
hsa_circ_0022342,chronic thromboembolic pulmonary hypertension,1
hsa_circ_0001801,glioblastoma,1
hsa_circ_0078768,active pulmonary tuberculosis,1
hsa_circ_0000175,lupus nephritis,1
hsa_circ_0041946,vascular endothelial dysfunction,0
circpvt1,colorectal neoplasms,1
hsa_circ_0006935,repeated implantation failure,1
circ-abcb10,multiple myeloma,0
circplekhm3,ovarian neoplasms,1
circbmpr2,"diabetes mellitus, type 2",0
circirak3,"tuberculosis, pulmonary",0
hsa_circ_0030569,hirschsprung disease,0
circnek6,liver neoplasms,0
circrna_100290,colorectal neoplasms,1
circlarp4,coronary atherosclerotic heart disease,0
hsa_circ_0001721,osteosarcoma,1
hsa_circ_0000592,stomach neoplasms,1
hsa_circ_0032891,multiple system atrophy,1
circrna_0084927,acne vulgaris,1
hsa_circrna_100257,active tuberculosis,0
hsa_circ_0000792,adenocarcinoma of lung,1
hsa_circ_0106803,"leukemia, lymphocytic, chronic, b-cell",0
hsa_circ_0082374,glioma,1
hsa_circ_0002577,moyamoya disease,0
hsa_circ_0008717,triple negative breast neoplasms,0
circvangl1,urinary bladder neoplasms,1
circ-ash2l,osteosarcoma,0
hsa_circrna_101873,"carcinoma, pancreatic ductal",0
circatxn7,stomach neoplasms,1
circ-pax2,lung squamous cell carcinoma,1
circrna_092516,"arthritis, rheumatoid",1
circ-pkd2,squamous cell carcinoma of head and neck,1
hsa_circ_0141940,prostatic neoplasms,1
cbl.11,"leukemia, myeloid, acute",0
hsa_circrna_101408,"leukemia, myeloid, acute",0
hsa_circ_0005218,pre-eclampsia,1
hsa_circ_100290,"leukemia, myeloid, acute",1
hsa_circ_0070934,"tuberculosis, pulmonary",0
circ_1639,multiple system atrophy,0
circ-homer1,"carcinoma, hepatocellular",1
circrna_100290,"leukemia, myeloid, acute",1
hsa_circ_0000376,stomach neoplasms,1
circslc8a1,"leukemia, lymphocytic, chronic, b-cell",0
circ-itch,ovarian neoplasms,1
hsa_circ_0001461,stomach neoplasms,1
hsa_circ_0071662,urinary bladder neoplasms,1
hsa_circ_0056288,osteosarcoma,1
circ_1639,"liver diseases, alcoholic",1
hsa_circ_0001417,"leukemia, promyelocytic, acute",0
circ-nsd2,colorectal neoplasms,1
circ-anapc7,cardiac fibrosis,0
circ_103124,pre-eclampsia,0
circ_101222,acne vulgaris,0
circ_efcab2,"epilepsy, temporal lobe",1
circ-foxm1,melanoma,1
hsa_circrna_050898,moyamoya disease,1
hsa_circ_0052012,squamous cell carcinoma of head and neck,0
hsa_circ_0003028,multiple sclerosis,0
circ_0004712,colonic neoplasms,0
hsa_circ_0025033,"thyroid cancer, papillary",1
hsa_circ_0087206,cutaneous squamous cell carcinoma,0
circsema4b,intervertebral disc degeneration,1
hsa_circrna_103595,lung neoplasms,1
circadamts13,"leukemia, myeloid, acute",0
hsa_circ_0005027,hypopharyngeal neoplasms,1
hsa_circ_103783,triple negative breast neoplasms,0
circrna_104871,"arthritis, rheumatoid",1
circc3p1,"carcinoma, hepatocellular",1
hsa_circ_0001821,"liver diseases, alcoholic",0
hsa_circ_0000408,lung squamous cell carcinoma,1
hsa_circrna_000479,endometriosis,0
circhiat1,"carcinoma, hepatocellular",1
hsa_circ_0002142,glioma,1
circankrd36,"diabetes mellitus, type 2",1
hsa_circ_0008887,hepatoblastoma,0
hsa_circ_100338,"osteoporosis, postmenopausal",0
circgfra1,lung neoplasms,1
hsa_circ_0004390,ovarian neoplasms,1
circhipk3,prostatic neoplasms,1
circrna_101873,precursor cell lymphoblastic leukemia-lymphoma,0
hsa_circ_103809,"carcinoma, hepatocellular",1
hsa_circ_0080210,active pulmonary tuberculosis,0
circsmo742,colorectal neoplasms,0
hsa_circ_0063781,diabetic retinopathy,0
hsa_circ_0001368,stomach neoplasms,1
hsa_circ_0005075,"liver diseases, alcoholic",0
circ-homer1,hepatoblastoma,0
hsa_circ_0005230,breast neoplasms,1
circuvrag,urinary bladder neoplasms,1
hsa_circ_0002211,colorectal neoplasms,1
hsa_circ_0009910,osteosarcoma,1
hsa_circ_0034398,"lupus erythematosus, systemic",1
hsa_circrna_101873,sciatica,0
hsa_circ_0005239,breast neoplasms,1
circrna-cer,metabolism-related diseases,0
hsa_circ_0089310,liver neoplasms,0
circptpra,hepatocellular steatosis,0
hsa_circ_0000911,hypertension,0
hsa_circ_0078710,"carcinoma, hepatocellular",1
hsa_circ_0006916,repeated implantation failure,0
hsa_circ_0060467,vascular endothelial dysfunction,0
hsa_circ_0005620,prostatic neoplasms,0
circirak3,"diabetes, gestational",0
hsa_circ_0002078,breast neoplasms,0
circ-satb2,coronary atherosclerotic heart disease,1
hsa_circ_0072995,breast neoplasms,1
circ-zkscan1,urinary bladder neoplasms,1
circrna-cer,endometrial neoplasms,0
circrna_100876,osteosarcoma,1
hsa_circ_0047688,hepatoblastoma,0
circ-cdyl,breast neoplasms,1
hsa_circ_0001451,triple negative breast neoplasms,1
circshkbp1,glioma,1
hsa_circ_0108308,multiple system atrophy,1
hsa_circ_0011385,thyroid neoplasms,1
cir-ccdc66,hirschsprung disease,1
hsa_circrna_100834,immunosenescence,0
circ-smad2,"carcinoma, hepatocellular",1
hsa_circ_0041103,urinary bladder neoplasms,1
hsa_circ_0031288,uterine cervical neoplasms,1
hsa_circ_0008106,stomach neoplasms,1
hsa-circrna5974-1,inflammatory bowel diseases,0
hsa_circrna_0054633,"diabetes, gestational",1
hsa_circrna_004662,osteosarcoma,0
hsa_circ_081069,ischemic stroke,0
circnasp,osteosarcoma,1
hsa_circ_0001772,stomach neoplasms,1
circfam114a2,bladder urothelial carcinoma,1
circclk3,alzheimer disease,0
hsa_circ_0002052,osteosarcoma,1
hsa_circ_0081108,retinoblastoma,0
hsa_circ_0057558,prostatic neoplasms,1
hsa_circ_0000414,hypertension,0
circmyo9b,breast neoplasms,1
circankrd36,leukemia,0
circclk3,uterine cervical neoplasms,1
hsa_circ_0056048,"depressive disorder, major",1
hsa_circ_0001801,glioma,1
hsa_circ_0005230,colorectal neoplasms,0
hsa_circ_0056836,"carcinoma, hepatocellular",1
circ_sdha,prostatic neoplasms,0
hsa_circrna_029965,lung squamous cell carcinoma,0
hsa_circ_0075341,uterine cervical neoplasms,1
hsa_circ_100242,urinary bladder neoplasms,1
circrna-acap2,colonic neoplasms,1
circnrip1,stomach neoplasms,1
circacap2,breast neoplasms,1
circ-fam53b,ovarian neoplasms,1
hsa_circ_0007255,breast neoplasms,1
circ_orc2,urinary bladder neoplasms,0
circ-vrk1,esophageal squamous cell carcinoma,1
circ-prmt5,colorectal neoplasms,1
hsa_circrna_029965,active tuberculosis,1
hsa_circ_0126991,essential hypertension,1
circanks1b,colorectal neoplasms,1
hsa_circ_0008615,heart failure,0
hsa_circ_0092509,osteosarcoma,1
circ kmt2e,multiple sclerosis,0
hsa_circrna_14623,"tuberculosis, pulmonary",1
hsa_circrna_100833,cutaneous squamous cell carcinoma,1
hsa_circ_0067997,stomach neoplasms,1
circmyc,melanoma,1
hsa_circ_0001187,endometriosis,0
hsa_circ_0068942,coronary artery disease,1
circ-ttbk2,primary great saphenous vein varicosities,0
circrna_8924,uterine cervical neoplasms,1
hsa_circ_0030045,"leukemia, lymphocytic, chronic, b-cell",0
hsa_circ_0004214,uterine cervical neoplasms,1
hsa_circrna_103809,lung neoplasms,1
hsa_circ_0061825,breast neoplasms,1
hsa_circ_0062389,gallbladder neoplasms,0
hsa_circ_0003146,fatty liver,0
hsa_circrna_005019,t2dm with depression,1
hsa_circ_0000792,myocardial infarction,0
hsa_circ_0078710,"hemorrhagic fever, ebola",0
hsa_circ_0041796,diabetic retinopathy,1
circ-prmt5,asthma,0
hsa_circ_0004928,stomach neoplasms,1
circ-pde8a,leukemia,0
circ-itch,glioma,1
circrbms3,osteoarthritis,0
hsa_circ_0080145,"leukemia, myelogenous, chronic, bcr-abl positive",1
circmllt10,cutaneous squamous cell carcinoma,0
hsa_circ_0081143,stomach neoplasms,1
circcep128,atherosclerosis,0
hsa_circ_0001073,urinary bladder neoplasms,1
circ-lamp1,"carcinoma, ovarian epithelial",0
hsa_circ_0057558,esophageal squamous cell carcinoma,0
hsa_circ_0084043,melanoma,1
circrna.1030,"diabetes, gestational",1
has_circ_0049220,esophageal squamous cell carcinoma,0
circ-eif4g3,esophageal squamous cell carcinoma,0
circ-anapc7,"leukemia, myeloid, acute",1
hsa_circ_0005015,intervertebral disc degeneration,0
circ-pgam1,hypertension,0
hsa_circ_0001801,"hemorrhagic fever, ebola",0
hsa_circ_0070616,repeated implantation failure,1
hsa_circ_0106803,"osteoporosis, postmenopausal",0
circ kmt2e,diabetic cataract,1
hsa_circ_0001564,osteoarthritis,0
hsa_circ_0007788,triple negative breast neoplasms,0
circpum1,adenocarcinoma of lung,1
hsa_circ_0057093,crohn disease,0
circr-284,colorectal neoplasms,0
circrna_0001073,acne vulgaris,1
circ-erbb2,leukemia,0
hsa_circrna_104964,active tuberculosis,1
circrna-cer,breast neoplasms,1
hsa_circrna_100933,silicosis,0
hsa_circ_0006990,essential hypertension,0
hsa_circ_0016788,laryngeal neoplasms,0
circbmpr2,"carcinoma, ovarian epithelial",0
circnf1,"diabetes, gestational",0
circcep128,urinary bladder neoplasms,1
hsa_circ_0012342,"carcinoma, mucoepidermoid",1
hsa_circ_0035560,multiple sclerosis,1
circmto1,glioblastoma,1
hsa_circrna_404457,diabetic retinopathy,1
hsa_circ_0044520,squamous cell carcinoma of head and neck,1
hsa_circ_0058058,"leukemia, myeloid, acute",1
hsa_circ_102485,"liver cirrhosis, biliary",1
hsa_circ_0066922,t2dm with depression,0
hsa_circrna_005086,diabetic nephropathies,0
circfarsa,"carcinoma, non-small-cell lung",1
hsa_circ_0103809,cholangiocarcinoma,0
hsa_circ_0013255,liver cirrhosis,1
circdock1,squamous cell carcinoma of head and neck,1
circ-prkci,hirschsprung disease,1
hsa_circ_0043256,immunosenescence,0
circ_103124,crohn disease,1
hsa_circ_0060428,osteosarcoma,1
circusp45,osteoarthritis,0
hsa_circ_0005105,osteoarthritis,1
hsa_circ_0002453,cardiac senescence,0
hsa-circrna5974-1,sciatica,0
circrnf13,crohn disease,0
hsa_circ_0066922,diabetic retinopathy,1
hsa_circ_0029067,thyroid neoplasms,0
hsa_circ_0046600,"carcinoma, hepatocellular",1
hsa_circ_0089310,"depressive disorder, major",1
hsa_circ_0005402,multiple sclerosis,1
hsa_circ_0054211,multiple system atrophy,1
hsa_circ_0066922,leukemia,0
hsa_circ_0023404,osteoarthritis,1
hsa_circrna_091692,cutaneous squamous cell carcinoma,0
hsa_circ_0046599,rheumatic heart disease,0
hsa_circrna_008068,inflammatory bowel diseases,0
hsa_circ_0001410,"liver diseases, alcoholic",0
hsa_circrna_104387,diabetic retinopathy,1
hsa_circ_0136666,breast neoplasms,1
circctdp1,osteoporosis,0
hsa_circ_0082824,coronary artery disease,1
hsa_circrna_067209,moyamoya disease,1
hsa_circ_0035381,heart failure,0
circehmt1,breast neoplasms,1
circcct3,colorectal neoplasms,1
hsa_circrna_103595,triple negative breast neoplasms,0
hsa_circ_0000519,multiple sclerosis,1
hsa_circ_0068942,"prostatic neoplasms, castration-resistant",0
hsa_circ_0080210,intervertebral disc degeneration,1
hsa_circ_0072309,colorectal neoplasms,0
hsa_circ_0054211,diabetic nephropathies,0
circrna_100290,squamous cell carcinoma of head and neck,1
hsa-circ-0040809,diabetes mellitus,0
hsa_circ6510-1,"diabetes mellitus, type 2",1
hsa_circrna11806-28,coronary artery disease,1
hsa_circ_0000735,"carcinoma, non-small-cell lung",1
circ-tcf4.85,"carcinoma, renal cell",0
hsa_circ_0093996,"liver diseases, alcoholic",0
hsa_circ_0057093,diabetic retinopathy,1
circ-abcb10,"carcinoma, ovarian epithelial",1
circ_specc1,coronary atherosclerotic heart disease,0
hsa_circ_0068871,urinary bladder neoplasms,1
hsa_circrna_005086,active tuberculosis,1
circagfg1,uterine cervical neoplasms,1
hsa_circ_0014243,leukemia,0
hsa_circ_0008615,"carcinoma, hepatocellular",0
hsa_circ_0054633,primary great saphenous vein varicosities,0
circrna_0084927,facet joint osteoarthritis,0
cttn2,active tuberculosis,0
circdock1,"epilepsy, temporal lobe",0
hsa_circ_0000284,"carcinoma, non-small-cell lung",1
circ-znf652,"depressive disorder, major",0
hsa_circ_0021093,lymphangiogenesis,0
circrna-0001855,pre-eclampsia,1
hsa_circ_0002577,endometrial neoplasms,1
circsmo742,retinal neurodegeneration,0
circrna-cer,osteoarthritis,0
hsa_circ_0001819,herpes simplex,0
hsa_circrna_001654,"liver diseases, alcoholic",0
hsa_circ_0001946,alzheimer disease,1
hsa_circrna_100257,"arthritis, rheumatoid",1
hsa_circ_0089310,carotid plaque rupture,0
hsa_circ_0003258,primary great saphenous vein varicosities,0
hsa_circrna_061346,"thyroid cancer, papillary",1
hsa_circ_0046599,"lupus erythematosus, systemic",1
hsa_circ_0003855,stomach neoplasms,1
hsa_circ_0043497,tuberculosis,1
hsa_circ_0072668,moyamoya disease,0
hsa_circ_0000799,cutaneous squamous cell carcinoma,0
hsa_circ_0108308,repeated implantation failure,0
hsa_circ_100290,sciatica,0
circ-prmt5,"diabetes mellitus, type 2",0
hsa-circrna5974-1,glucocorticoid-induced osteonecrosis of femoral head,0
hsa_circ_0045272,"lupus erythematosus, systemic",1
hsa_circ_0001546,precursor t-cell lymphoblastic leukemia-lymphoma,0
hsa_circrna_104296,breast neoplasms,0
hsa_circ_0060467,uterine cervical neoplasms,1
hsa_circrna_0007874,hypopharyngeal neoplasms,0
circfoxk2,"carcinoma, pancreatic ductal",1
hsa_circ_0004458,precursor t-cell lymphoblastic leukemia-lymphoma,0
hsa_circ_0000378,primary great saphenous vein varicosities,1
hsa_circ_0006427,primary great saphenous vein varicosities,1
circfndc3b,"carcinoma, renal cell",0
hsa_circ_0072765,"hemorrhagic fever, ebola",0
hsa_circ_0000592,silicosis,0
hsa_circ_0068489,diabetic retinopathy,1
hsa-circrna-102685,diabetes mellitus,0
circusp45,glucocorticoid-induced osteonecrosis of femoral head,1
circrpms1,nasopharyngeal carcinoma,1
circ-dicer1,glioma,1
hsa_circ_0068033,breast neoplasms,1
hsa_circ_0025039,melanoma,1
circ-rad23b,esophageal neoplasms,1
circ-cep85l,infantile hemangioma,0
hsa_circ_0106803,gallbladder neoplasms,0
circ-pkd2,"prostatic neoplasms, castration-resistant",0
hsa_circ_0043949,cardiac senescence,0
circ-itch,prostatic neoplasms,1
hsa_circrna_101720,"carcinoma, mucoepidermoid",0
hsa_circ_0012919,"lupus erythematosus, systemic",1
circnasp,precursor cell lymphoblastic leukemia-lymphoma,0
hsa_circ_0002078,precursor cell lymphoblastic leukemia-lymphoma,0
hsa_circ_0018069,urinary bladder neoplasms,1
circmto1,lung neoplasms,0
hsa_circ_0008797,aortic aneurysm,0
hsa_circrna_063981,diabetic retinopathy,1
hsa_circ_0082374,hypertension,0
cdr1as,stomach neoplasms,1
hsa_circ_0004277,"leukemia, myeloid, acute",1
cdr1as,"carcinoma, non-small-cell lung",1
hsa_circ_0001105,cardiac fibrosis,0
hsa_circ_0030055,diabetic retinopathy,1
hsa_circ_0003998,adenocarcinoma of lung,1
hsa_circ_406329,hepatocellular steatosis,0
hsa_circ_0041946,immunosenescence,0
circmto1,"carcinoma, renal cell",1
circccdc66,uterine cervical neoplasms,1
hsa_circ_0025036,adenocarcinoma of lung,1
hsa_circ_0062019,prostatic neoplasms,1
hsa_circ_0001907,essential hypertension,0
hsa_circ_0001427,"prostatic neoplasms, castration-resistant",1
circankrd36,"carcinoma, pancreatic ductal",0
hsa_circ_0004015,lung neoplasms,0
hsa_circ_0056731,multiple sclerosis,1
hsa_circ_0043256,"carcinoma, non-small-cell lung",1
hsa_circ_0136666,t2dm with depression,0
hsa_circ_0141940,coronary atherosclerotic heart disease,0
circfndc3b,urinary bladder neoplasms,1
hsa_circ_100395,liver neoplasms,1
hsa_circ_0008225,glioma,1
circ-banp,laryngeal neoplasms,0
cttn2,heart failure,1
hsa_circ_087631,coronary atherosclerotic heart disease,0
hsa_circ_0066922,hypertension,0
hsa_circrna_091692,active tuberculosis,1
hsa_circ_001569,colorectal neoplasms,1
hsa_circ_0007788,"osteoporosis, postmenopausal",1
hsa_circ_0008549,myocardial infarction,0
circslc3a2,"carcinoma, hepatocellular",1
circmat2b,colonic neoplasms,0
circepsti1,squamous cell carcinoma of head and neck,0
circ_arf3,osteosarcoma,1
hsa_circ_0001742,hematopoiesis,0
hsa_circ_0001429,intervertebral disc degeneration,0
hsa_circ_0100783,immunosenescence,1
hsa_circ_0091570,diabetic cataract,0
circrna_26852,metabolism-related diseases,1
hsa_circ_0124644,"osteoporosis, postmenopausal",0
circmmp9,osteosarcoma,1
circslc8a1,urinary bladder neoplasms,1
hsa_circ_0039411,"carcinoma, hepatocellular",1
hsa_circrna_104296,myocardial senescence,0
hsa_circ_402458,precursor cell lymphoblastic leukemia-lymphoma,0
circ-abcb10,crohn disease,0
circzfr,"carcinoma, hepatocellular",1
hsa_circ_0046264,lung neoplasms,1
hsa_circ_0008450,"depressive disorder, major",0
circ-znf264,rheumatic heart disease,0
hsa_circ_0057576,stomach neoplasms,0
hsa_circ_0091702,vascular endothelial dysfunction,0
circeif4g2,uterine cervical neoplasms,1
hsa_circ_014724,"osteoporosis, postmenopausal",0
hsa_circ_0055625,"carcinoma, hepatocellular",0
circrhobtb3,osteoporosis,0
hsa_circ_0082824,"leukemia, myelogenous, chronic, bcr-abl positive",0
hsa_circ_0006323,coronary artery disease,1
circrna.20159,squamous cell carcinoma of head and neck,0
hsa_circ_0007788,"leukemia, promyelocytic, acute",0
circrna_0072309,hirschsprung disease,0
circdlgap4,ischemic stroke,1
hsa_circ_0026372,essential hypertension,0
hsa_circ_0006168,metabolism-related diseases,0
circ_stk17a,diabetic retinopathy,0
hsa_circ_0016760,"carcinoma, non-small-cell lung",1
circ-iars,pancreatic neoplasms,1
hsa_circrna_100533,squamous cell carcinoma of head and neck,1
circ-erbb2,inflammatory bowel diseases,0
hsa_circrna_101319,lupus nephritis,0
circ_103546,cutaneous squamous cell carcinoma,0
circnek6,esophageal squamous cell carcinoma,0
hsa_circ_014724,fatty liver,1
circ-cbfb,"leukemia, lymphocytic, chronic, b-cell",1
hsa_circ_0000199,herpes simplex,0
circlmtk2,hypopharyngeal neoplasms,0
hsa_circrna_101975,osteoarthritis,1
hsa_circ_0001275,"osteoporosis, postmenopausal",1
hsa_circ_0025202,"arthritis, rheumatoid",0
circsept9,triple negative breast neoplasms,1
hsa_circ_104075,"carcinoma, hepatocellular",1
circkif4a,glioma,1
circptpn22,"lupus erythematosus, systemic",1
hsa_circ_0003575,atherosclerosis,1
circrna-0044073,atherosclerosis,1
hsa-circ-0005870,hypertension,1
hsa_circ_0039411,osteosarcoma,0
hsa_circ_0068489,"leukemia, myeloid, acute",0
hsa_circrna_002178,"diabetes, gestational",0
hsa_circ_0001410,"depressive disorder, major",1
hsa_circ_0026388,diabetic retinopathy,1
hsa_circrna_046843,cardiac fibrosis,0
hsa_circ_0030235,endometriosis,0
circfat1,"carcinoma, pancreatic ductal",0
circrna7231,"thyroid cancer, papillary",0
hsa_circ_0046600,inflammatory bowel diseases,0
cttn1,"leukemia, promyelocytic, acute",0
circrna_0084043,melanoma,1
hsa_circ_0087537,facet joint osteoarthritis,1
hsa_circ_0003028,osteoporosis,0
circrna_036186,squamous cell carcinoma of head and neck,1
circmmp9,crohn disease,0
circasap1,"carcinoma, hepatocellular",1
circrna-acap2,osteoporosis,0
hsa_circ_0092374,liver neoplasms,0
circhipk3,bladder urothelial carcinoma,1
hsa_circ_0023303,"carcinoma, renal cell",0
hsa_circ_0006404,myocardial senescence,1
hsa_circ_0072387,heart failure,0
hsa_circ_0059354,esophageal squamous cell carcinoma,0
hsa_circ_0008797,cutaneous squamous cell carcinoma,0
circ-rad23b,"carcinoma, non-small-cell lung",1
hsa_circ_0000615,myocardial infarction,1
hsa_circ_0007915,liver neoplasms,1
hsa-circrna5974-1,coronary artery disease,1
hsa_circ_0001429,urinary bladder neoplasms,1
hsa_circ_0005267,primary great saphenous vein varicosities,1
circrna_000203,cardiac fibrosis,1
circ-sox4,adenocarcinoma of lung,1
hsa_circ_0072765,irradiated hepatic stellate cell,1
hsa_circ_0043278,osteosarcoma,1
hsa_circ_002082,fatty liver,1
hsa_circ_0081162,cardiac senescence,0
hsa_circ_0000681,hepatocellular steatosis,0
hsa_circ_0058092,stomach neoplasms,1
circrna_001275,carotid plaque rupture,0
hsa_circ_0026134,"carcinoma, non-small-cell lung",1
hsa_circ_0079993,colorectal neoplasms,1
has-circrna_0046367,fatty liver,1
hsa_circ_0106803,essential hypertension,0
hsa_circ_0058124,thyroid neoplasms,1
hsa_circ_103047,"liver cirrhosis, biliary",0
hsa_circ_0007534,"carcinoma, pancreatic ductal",1
hsa_circ_0067835,precursor cell lymphoblastic leukemia-lymphoma,0
circnr3c1,urinary bladder neoplasms,1
hsa_circ_0001313,colonic neoplasms,1
hsa_circ_0000284,"depressive disorder, major",0
hsa_circ_0072765,endometrial neoplasms,0
hsa_circ_407176,"liver cirrhosis, biliary",1
hsa_circ_0071410,irradiated hepatic stellate cell,1
hsa_circ_0008234,gallbladder neoplasms,1
circ_drosha,"carcinoma, renal cell",0
hsa_circ_0051240,alzheimer disease,0
hsa_circ_0001900,myocardial senescence,0
hsa_circ_014724,glucocorticoid-induced osteonecrosis of femoral head,0
cdr1as,esophageal squamous cell carcinoma,1
hsa_circ_0000594,glioma,1
hsa_circ_0078767,"carcinoma, non-small-cell lung",1
hsa_circ_0012129,breast neoplasms,0
hsa_circ_0078767,infantile hemangioma,0
circ-rangap1,herpes simplex,0
circepsti1,osteosarcoma,1
hsa_circ_0001649,"carcinoma, non-small-cell lung",1
hsa_circ_0001859,myocardial senescence,0
circmto1,urinary bladder neoplasms,1
hsa_circ_0002113,sciatica,0
hsa_circ_0002346,coronary atherosclerotic heart disease,0
circgfra1,ovarian neoplasms,1
hsa_circ_0061868,osteoarthritis,0
circrna7231,herpes simplex,1
circrhobtb3,melanoma,0
hsa_circ_0044529,leukoaraiosis,0
hsa_circ_0025202,chronic thromboembolic pulmonary hypertension,0
hsa_circ_0087215,"carcinoma, hepatocellular",0
hsa_circ_0071896,facet joint osteoarthritis,1
hsa_circ_0005519,asthma,1
hsa_circ_000361,essential hypertension,0
hsa_circ_0000673,stomach neoplasms,1
circzfr,urinary bladder neoplasms,1
hsa_circ_0002142,melanoma,0
hsa_circrna_102101,gallbladder neoplasms,0
hsa_circ_0001546,stomach neoplasms,1
hsa_circ_0017446,"leukemia, myeloid, acute",1
hsa_circ_0067209,"diabetes, gestational",0
hsa_circ_0035483,coronary artery disease,0
circpvt1,"carcinoma, non-small-cell lung",1
hsa_circrna_14623,"thyroid cancer, papillary",0
circrna_104871,myocardial senescence,0
hsa_circrna_015115,t2dm with depression,1
hsa_circ_0006801,glioblastoma,0
hsa_circ_0001846,triple negative breast neoplasms,1
circpsmc3,rheumatic heart disease,0
hsa_circ_0009910,cholangiocarcinoma,0
hsa_circ_0001801,lupus nephritis,0
hsa_circ_0004015,intervertebral disc degeneration,0
circlmtk2,intervertebral disc degeneration,0
hsa_circrna_100257,melanoma,0
hsa_circ_0000073,bladder urothelial carcinoma,0
hsa_circ_052372,"liver cirrhosis, biliary",1
hsa_circ_0020397,colorectal neoplasms,1
hsa_circ_0057762,"lupus erythematosus, systemic",1
circsmarca5,"diabetes mellitus, type 2",0
circgfra1,gallbladder neoplasms,0
circrna-chr19,"hemorrhagic fever, ebola",1
hsa_circ_0024892,multiple sclerosis,1
hsa_circ_0071589,colorectal neoplasms,1
hsa_circ_087631,ovarian neoplasms,0
hsa_circ_102470,pre-eclampsia,0
hsa_circ_0081108,"leukemia, myeloid, acute",0
hsa_circrna_104871,ischemic stroke,0
bcrc-3,diabetic retinopathy,0
hsa_circrna_046843,"thyroid cancer, papillary",1
hsa_circ_0000175,diabetic retinopathy,0
hsa_circ_0002052,endometrial neoplasms,0
circ-prkci,adenocarcinoma of lung,1
hsa_circ_0009361,retinoblastoma,0
hsa_circ_0008078,primary great saphenous vein varicosities,0
circubxn7,"carcinoma, ovarian epithelial",0
hsa_circ_0008717,cutaneous squamous cell carcinoma,0
hsa_circ_0000337,intervertebral disc degeneration,0
circrna.20159,diabetes mellitus,0
circhipk3,nasopharyngeal carcinoma,1
circnf1,stomach neoplasms,1
hsa_circ_103973,hypopharyngeal neoplasms,0
hsa_circrna_406557,thyroid neoplasms,0
hsa_circ_000361,"liver cirrhosis, biliary",1
hsa_circ_0068942,osteoporosis,0
hsa_circ_006100,cutaneous squamous cell carcinoma,0
circnek6,thyroid neoplasms,1
hsa_circ_0001178,"carcinoma, hepatocellular",1
circmmp9,glioblastoma,1
hsa_circ_0052012,infantile hemangioma,0
circrna_0086376,"arthritis, rheumatoid",0
hsa_circ_002082,nasopharyngeal carcinoma,0
hsa_circ_0053277,colorectal neoplasms,1
hsa_circ_0002453,triple negative breast neoplasms,1
circ-cdc45,repeated implantation failure,0
hsa_circ_0026372,salivary adenoid cystic carcinoma,0
circpum1,ovarian neoplasms,1
circ_stk24,"epilepsy, temporal lobe",1
hsa_circ_0020123,"carcinoma, non-small-cell lung",1
hsa_circ_0066922,nasopharyngeal carcinoma,0
hsa_circ_0001275,coronary artery disease,0
hsa_circ_0006990,colorectal neoplasms,1
hsa_circrna_104296,retinoblastoma,0
hsa_circ_0060456,cardiac senescence,0
circ-eno1,adenocarcinoma of lung,1
hsa_circ_0005218,repeated implantation failure,0
hsa_circ_0005836,active pulmonary tuberculosis,1
hsa_circ_104075,retinal neurodegeneration,0
circ-foxm1,"carcinoma, non-small-cell lung",1
hsa_circ_0023903,retinoblastoma,0
hsa_circ_0006168,esophageal squamous cell carcinoma,1
circ-eif4g3,liver neoplasms,0
hsa_circ_0001900,colorectal neoplasms,1
circlmtk2,"tuberculosis, pulmonary",0
hsa_circ_0029601,pre-eclampsia,1
circ-erbb2,stomach neoplasms,1
hsa_circ_0000337,"lymphoma, large b-cell, diffuse",0
hsa_circ_0081162,diabetic retinopathy,1
hsa_circ_0000177,glioma,1
circnf1,tuberculosis,0
hsa_circ_0071410,liver neoplasms,1
circ-cdyl,colonic neoplasms,1
circmto1,stomach neoplasms,1
hsa_circ_0093996,irradiated hepatic stellate cell,0
hsa_circrna_101319,"arthritis, rheumatoid",1
hsa_circ_0060456,stomach neoplasms,1
hsa-circ-0008139,crohn disease,0
hsa_circ_0087215,active pulmonary tuberculosis,0
circhla-c,endometriosis,0
circrna_100290,vascular endothelial dysfunction,0
hsa_circ_0057481,laryngeal neoplasms,1
hsa_circrna_003251,lung neoplasms,0
hsa_circ_0005442,pre-eclampsia,1
hsa_circ_0051172,prostatic neoplasms,0
hsa_circ_0000199,stomach neoplasms,1
hsa_circ_0007294,triple negative breast neoplasms,1
hsa_circ_0000488,"leukemia, myeloid, acute",1
hsa_circ_cspp1,uterine cervical neoplasms,1
hsa_circ_087631,"liver cirrhosis, biliary",1
hsa_circ_0074027,osteoporosis,0
hsa_circrna_102034,"arthritis, rheumatoid",1
hsa_circ_0000554,irradiated hepatic stellate cell,0
hsa_circ_0081143,esophageal squamous cell carcinoma,0
cznf609,"osteoporosis, postmenopausal",0
circrna_001569,tuberculosis,0
circ-cspp1,prostatic neoplasms,0
circ_ankib1,hepatoblastoma,0
hsa_circ_0015278,lung squamous cell carcinoma,0
hsa_circ_0000291,diabetic retinopathy,0
circ_efcab2,"liver diseases, alcoholic",0
hsa_circ_0057481,"vitreoretinopathy, proliferative",0
circtp63,repeated implantation failure,0
hsa_circ_0076305,atherosclerosis,0
circrna_09585,endometrial neoplasms,0
cttn1,heart failure,1
circdlgap4,glioblastoma,0
hsa_circ_0005963,myocardial senescence,0
circtrim33-12,"vitreoretinopathy, proliferative",0
circfblim1,"carcinoma, hepatocellular",1
hsa_circrna_100918,t2dm with depression,1
circrna6783,acne vulgaris,0
hsa_circrna_003251,t2dm with depression,1
hsa_circrna_101319,stomach neoplasms,0
hsa_circ_0000073,"diabetes mellitus, type 2",0
hsa_circ_0078767,herpes simplex,0
hsa_circ_0051240,cholangiocarcinoma,0
circshkbp1,"liver diseases, alcoholic",0
hsa_circ_0012919,"leukemia, lymphocytic, chronic, b-cell",0
circp4hb,active pulmonary tuberculosis,0
hsa_circ_0013958,myocardial infarction,0
hsa_circrna_101996,"diabetes mellitus, type 2",0
hsa_circ_0001187,"diabetes mellitus, type 2",0
circacap2,glucocorticoid-induced osteonecrosis of femoral head,0
hsa_circ_0001361,leukemia,0
hsa_circ_0100783,leukoaraiosis,0
hsa-circrna11783-2,crohn disease,0
hsa_circ_0037911,facet joint osteoarthritis,0
hsa_circ_0081108,diabetic retinopathy,1
circ-sfmbt2,esophageal neoplasms,0
hsa_circ_0035381,diabetes mellitus,0
hsa_circ_100395,ovarian neoplasms,1
circrapgef5,"thyroid cancer, papillary",1
hsa_circ_0108308,heart failure,0
circadamts14,"leukemia, myeloid, acute",0
hsa_circ_0072765,"carcinoma, mucoepidermoid",0
circpvt1,osteosarcoma,1
circ_stk24,essential hypertension,0
hsa_circ_0102049,osteosarcoma,1
circnek6,leukoaraiosis,0
hsa_circ_087631,glioma,0
circrna_0046366,hepatocellular steatosis,1
circccdc66,tuberculosis,0
circnek6,"leukemia, myeloid, acute",0
hsa_circ_0011780,"carcinoma, non-small-cell lung",1
hsa_circ_402458,infantile hemangioma,0
circmto1,uterine cervical neoplasms,1
hsa_circ_0000977,pancreatic neoplasms,1
circdock1,sciatica,0
hsa_circ_0054633,"diabetes mellitus, type 2",1
hsa_circrna_102296,active tuberculosis,1
hsa_circ_0001178,triple negative breast neoplasms,0
circrna_000284,"hemorrhagic fever, ebola",0
circ_1639,"lupus erythematosus, systemic",0
hsa_circ_0072391,aortic aneurysm,0
circ-prmt5,stomach neoplasms,1
hsa_circ_0005540,multiple system atrophy,1
hsa_circ_0089378,coronary artery disease,1
hsa_circ_0044235,"arthritis, rheumatoid",1
hsa_circrna_100750,hepatocellular steatosis,0
hsa_circ_004183,diabetic cataract,0
hsa_circ_0009362,triple negative breast neoplasms,1
hsa_circ_0001275,repeated implantation failure,0
circnrip1,"carcinoma, renal cell",1
hsa_circ_0059655,osteoarthritis,0
hsa_circrna_103047,"arthritis, rheumatoid",1
circ_ubqln1,myocardial senescence,0
hsa_circ_0106803,multiple sclerosis,1
hsa_circ_0083964,"arthritis, rheumatoid",1
hsa_circ_0000263,uterine cervical neoplasms,1
circ_004662,crohn disease,1
hsa_circ_104871,"lupus erythematosus, systemic",0
circmylk,thyroid neoplasms,0
circrnf13,adenocarcinoma of lung,1
circhipk3,squamous cell carcinoma of head and neck,1
hsa_circ_0006323,"liver diseases, alcoholic",0
circrna_09585,"tuberculosis, pulmonary",1
circhipk3,stomach neoplasms,1
hsa_circ_0000284,colorectal neoplasms,1
hsa_circ_0075828,urinary bladder neoplasms,1
hsa_circ_002082,"leukemia, promyelocytic, acute",0
hsa_circ_0001658,stomach neoplasms,1
circ_slc19a1,sciatica,0
circznf609,ovarian neoplasms,0
hsa_circrna_001654,infantile hemangioma,1
hsa_circ_002136,glioma,1
hsa_circ_0067934,adenocarcinoma of lung,1
circubap2,squamous cell carcinoma of head and neck,0
hsa_circ_0059354,squamous cell carcinoma of head and neck,1
hsa_circ_407176,heart failure,0
hsa_circ_004183,"carcinoma, mucoepidermoid",0
circ_0002198,"liver cirrhosis, biliary",0
hsa_circrna_063981,breast neoplasms,0
hsa-circrna-102685,crohn disease,1
circptn,osteoarthritis,0
circlarp4,osteosarcoma,1
hsa_circ_0001098,breast neoplasms,1
circnr3c1,active pulmonary tuberculosis,0
hsa_circ_0040705,hypopharyngeal neoplasms,0
hsa_circrna_100533,urinary bladder neoplasms,0
hsa_circ_0072083,"carcinoma, non-small-cell lung",1
hsa_circrna_100933,infantile hemangioma,1
hsa_circ_0006948,esophageal squamous cell carcinoma,1
hsa_circ_0072668,facet joint osteoarthritis,1
circyap1,stomach neoplasms,1
circankrd36,"lymphoma, large b-cell, diffuse",0
hsa_circrna_104296,active tuberculosis,1
circ-tcf4.85,"carcinoma, hepatocellular",1
circfat1,cardiac fibrosis,0
circrna_13478,"tuberculosis, pulmonary",1
hsa_circ_0073237,glioma,1
circ-znf264,aortic aneurysm,0
hsa_circ_0002161,"tuberculosis, pulmonary",0
hsa_circ_0045714,esophageal squamous cell carcinoma,0
hsa_circrna_406557,cutaneous squamous cell carcinoma,0
circmylk,active tuberculosis,0
hsa_circ_0008450,nasopharyngeal carcinoma,1
hsa_circ_0001971,"diabetes, gestational",0
hsa_circ_0002569,moyamoya disease,1
circman2b2,glioma,1
hsa_circ_004121,"diabetes, gestational",0
circmllt10,stomach neoplasms,1
hsa_circrna_086376,colorectal neoplasms,1
hsa_circ_0000654,gallbladder neoplasms,0
circabcc4,adenocarcinoma of lung,1
hsa_circ_0001073,colonic neoplasms,0
hsa_circ_001895,cholangiocarcinoma,0
hsa_circ_0005576,"prostatic neoplasms, castration-resistant",0
hsa_circ_0012384,hirschsprung disease,0
hsa_circ_0001742,"prostatic neoplasms, castration-resistant",0
hsa_circ_0000729,cholangiocarcinoma,0
hsa_circ_0060428,"leukemia, promyelocytic, acute",0
hsa_circ_0006766,cardiovascular diseases,0
hsa_circrna_014213,alzheimer disease,0
hsa_circ_0000073,"depressive disorder, major",0
circpdss1,stomach neoplasms,1
hsa_circ_0003171,primary great saphenous vein varicosities,1
hsa_circ_0002185,squamous cell carcinoma of head and neck,1
hsa_circ_0001721,melanoma,0
circgfra1,melanoma,0
hsa_circ_0034642,active pulmonary tuberculosis,0
circ-atp8a2,uterine cervical neoplasms,1
circrna_atp9b,retinal neurodegeneration,0
circrna.20159,"diabetes, gestational",1
hsa_circ_0006215,pancreatic neoplasms,1
hsa_circrna_101720,"diabetes mellitus, type 2",0
hsa_circ_0014130,stomach neoplasms,1
circfut8,urinary bladder neoplasms,1
circ-cdyl,"carcinoma, hepatocellular",1
circ-znf609,prostatic neoplasms,1
hsa_circ_0023303,squamous cell carcinoma of head and neck,1
hsa_circ_0066922,immunosenescence,0
hsa_circrna_100834,cutaneous squamous cell carcinoma,1
hsa_circ_0000615,hirschsprung disease,1
circrgnef,urinary bladder neoplasms,1
hsa_circ_0082081,coronary artery disease,1
hsa_circ_0000073,salivary adenoid cystic carcinoma,0
hsa_circ_0007788,essential hypertension,0
hsa_circrna_100192,diabetic retinopathy,1
circabcc4,ovarian neoplasms,0
hsa_circ_0106803,urinary bladder neoplasms,0
circrhot1,pancreatic neoplasms,1
hsa_circrna_001937,active tuberculosis,1
hsa_circ_0049224,"lupus erythematosus, systemic",1
circrna_101873,"arthritis, rheumatoid",1
hsa_circrna_061346,breast neoplasms,0
circrna_104433,moyamoya disease,0
hsa_circ_0072387,squamous cell carcinoma of head and neck,1
hsa_circ_0056731,"carcinoma, pancreatic ductal",0
circ_stk24,"carcinoma, renal cell",0
hsa_circ_0001947,"leukemia, myeloid, acute",1
hsa_circ_0038374,multiple system atrophy,1
hsa_circ_0001946,stomach neoplasms,1
circrip2,urinary bladder neoplasms,1
circbirc6,"carcinoma, non-small-cell lung",1
circzfr,thyroid neoplasms,0
circsmo742,glioma,1
hsa_circ_0002078,moyamoya disease,1
hsa_circrna_14623,intervertebral disc degeneration,0
cdr1as,squamous cell carcinoma of head and neck,1
circr-284,carotid plaque rupture,1
circanks1b,hypertension,0
hsa_circ_0005127,facet joint osteoarthritis,1
circgfra1,essential hypertension,0
hsa_circ_0137439,pre-eclampsia,0
circznf609,vascular endothelial dysfunction,1
circ_004662,"carcinoma, non-small-cell lung",0
circabcc2,crohn disease,0
hsa_circ_0000911,breast neoplasms,1
circ-cspp1,cardiovascular diseases,0
circrbm23,"carcinoma, hepatocellular",1
hsa_circrna_0054633,ovarian neoplasms,0
circp4hb,"carcinoma, non-small-cell lung",1
circhiat1,"carcinoma, renal cell",1
hsa_circ_0068942,multiple sclerosis,0
circ-foxm1,herpes simplex,0
circtada2a-e6,moyamoya disease,0
hsa_circ_0037251,"vitreoretinopathy, proliferative",0
hsa_circ_0007385,"leukemia, promyelocytic, acute",0
circfoxo3,cardiac senescence,1
circ_004662,salivary adenoid cystic carcinoma,0
hsa_circrna_014213,cardiovascular diseases,0
